text,labels
AATGAA,0
CTAACGTATT,1
TCCATAGCCATGCANNCTGNAGAATGTC,1
GGCAA,0
TAACAAACTCCA,1
ACGCAGTGTGTGGAGGAGCA,1
TAAGTCATAACTGA,1
GCCACCTCAT,1
CAATNATTG,1
CTGAAG,0
GCGTTGAATCAACGACTAAC,0
NACGTGGC,1
GGTGGAATT,0
ACGCTATAAA,0
CTACTAA,0
GAGAC,1
TGCCCATAG,0
ATATTTANN,1
TCCTTCCTGTT,0
NTNNCANGCGNNCNG,0
GTTAGTT,1
ACGTATTAAAA,1
ATCAAATATCCCTCAAAAGGTACGTCAG,0
TATCCCA,1
AATTTATACCCATCTTGGACTAA,0
CTGATGTGT,0
TACCGACAT,1
TCGGAA,0
CCAGAAAA,0
TCGTAA,0
CTCAAGTGA,1
AAGACGTAG,1
TGATATGTGGCATGATTCAA,0
AAAAATTG,0
GTGTGGTTAATATG,1
GCAATCAAGA,0
TAAGAAGACTATTC,0
CTTGTCGTCA,1
GTGGGCCCG,1
TCTGCGAAATC,0
CTTACCTTTCATGGATTA,1
TTCAGCCATCAAAGTTGACC,1
TCCAATTGTAATGTCTTC,0
TTTAATTGATCATT,0
GGCTNGNANN,0
TTTCCCGC,1
ATGGTA,1
NNNNGNNCTANCNNNANN,0
TTCCATGGCCCG,0
GATAAGGGT,1
ACCGGCCCACTT,1
TAGCGGAAACGACCTCGACACTTGGTACCTAC,0
CCTCAAAC,0
GGCGC,0
TAGCCGAGAC,0
AANAATCT,1
AGCTATCCA,1
AGATTG,0
ACACGTAGA,1
GAGTAGTATATAGCAGG,0
CGTACA,0
AAAATAAGA,0
AAAAGTTGCC,0
TCGTACGCGTG,0
ACGCGATGGC,0
GANCGTNTNCAG,0
CGAACTT,1
TATAAAT,1
GTGANGTNGANTTGATTTCTTATT,0
TGACGTGGC,1
TTACTTAA,1
CACTATCTAAC,1
NAACCA,1
TGACCNCT,0
GAAAGAA,1
AGACTCGATCC,0
GACACCAAGTGGCA,1
TCTCTCTCT,1
TTTCTCTCCTCTTTTTCCTC,1
GATAAGN,1
GTCAATGGACCTAACCC,1
GAGGTTGGCTTGATGAGA,0
ACCNNCC,1
AAAGACGAAGT,0
ACTCTGG,0
ATATAT,1
TTACCACAGAAACTC,1
CAGTACCGCG,0
TGCGCCTGCTGCCCCTG,0
TGGTAGGTGAGAT,1
AATCCAA,1
TCACTTGA,1
GGATGAGATAAGATT,1
NGATT,1
TTNCCNNNNNNGGNN,1
CCAACG,0
GAGGGTATTTTCGTAA,1
ACACGTGGC,1
CAAAACAAGAAATAATAAGA,0
AGCGCGCCG,1
TGGGCCCGT,1
TGAC,1
GGTTCTATTCTTACAAACG,0
CAACCAACTCC,1
AATCGNACCCG,0
TGCAGG,1
NTTTTTN,1
AGTACACGG,0
AGCAGAC,0
AGAAATTAGAAAT,0
GGACACGTGGC,1
ATTCCGATAAACT,1
TATCTTAA,0
GTTAAATAA,0
ATCATTTTCACT,1
GCACCACCATTTACCTCA,0
AGAAAAAAAAATAGAGAAAATAAAGATA,0
TACGGTC,1
ACGCGTGTCCTC,1
CATGCAT,1
ATGAATTGGAATG,0
TGCAAATCT,1
TAACANA,1
ACCTAACCCGC,1
CACCTCCA,1
TGACTTTCTGAC,1
TATAAATTGGAGAA,0
TACATAAA,1
GCTTACCTACCA,1
TTTATT,0
TAAGA,0
CTCGGA,0
TNTCCCGCC,1
CGCAATGAA,0
CAAACAC,1
CCCTTTTTTTTTTCCTCCCT,0
ATCTATTCGTATACGTGTCAC,1
ACCTATAAAA,0
TTGGATGTTAGTGGGATGACATG,1
TTTCTATGAATACCCGTCT,0
TCCC,0
TACCCAACT,0
GTCAGACAA,0
TTTGACN,1
ACGAGCACCGCC,1
CCGAC,1
GTCGTCAT,0
CGCCCC,0
TCTTAC,1
CGCCGCGCA,1
ATTTCATA,1
GAGGGC,0
TATTTAA,1
AACGAC,1
CACGCTATCC,0
CCAGTGTGCCCCTGG,1
TGGGCN,1
TATAAATA,1
CTCTCAA,0
ATAATAAT,0
CAGAAGATA,1
ATGCTCAATAGATATAAGT,1
CGCGGATC,1
TGAAAACT,1
TAAAAATAAGATAC,0
GTAACAGAATGCTGG,1
TACGTAAAACTGTGG,0
TAAAAGTTAAAAAC,1
CATGCCGCC,1
ATTCTCACCTACCA,1
ACAGTTACTA,1
TGAGCTGTAAAGTGAAT,1
ATGGTATT,1
TATTTGCTTAA,1
TGTGGTTATATA,1
CTTTATCA,1
TATATAAATC,1
AACCCCCCTCCAACAGCTGCTTGGGCGGCCGGCCCTCCAGCA,0
GTGTGTGAA,1
CCACCACCTACC,0
TTAGNTCGA,0
CCNNNNNNGG,1
CCGCCG,0
TGTGGAGGAGCA,1
AAATACA,0
GATACANNAATNTGATG,1
GGATCAAGCTGCGACTACATA,0
CGGAACCC,0
AATTATTTTTTATT,1
AATAAT,1
GGATAAGGTG,1
AGCAGC,1
ACTGGCT,0
ATTGTTAAGCGCCATAAATAAAAGCTCATAATA,0
GATTGATC,0
CTTTCGTGTAC,1
CTCTTTGTTTTT,1
GATGATGT,0
NAACNG,1
TATAAATATCT,1
TATCCAN,1
CACTCC,0
GTGGNNNG,1
GCTCCGACGGGT,0
TNCGGG,0
CTTTCAATGACGTGTCCAAC,1
CACGTGG,1
TTAATTACGNA,0
TATTTCAAC,0
AAATAGATAAATAAAAACATT,1
GCCACT,1
GTACGTG,1
CAATTTCGCC,0
GTACGTGGCG,1
TCTCCACTTTGAGGTCGCAGGTTG,0
CCGTCACATTG,0
ATATTTTTTTAA,0
TACTGTGAATAATT,0
TATTCCACGTGGCCATCC,1
CACCAGA,0
GCTGGCCGCA,0
GAATTTAATTAA,1
CTCCTACTT,0
GCCGAC,1
TCCATAGCTCNNTNCAGCGTAAGGTAAC,0
GTTTNGCAA,1
TCTCAT,0
AAACCCTAA,1
ANNATGGC,1
CAAAACGC,1
TNTNNNGAGNTTCTAATNGCNTTNN,0
AAATGGTAGA,0
GNNTTC,0
TCAGCGTACCT,0
TTTCATTTTGGA,0
TGTAATCCTACTCCAAGTTGCTT,0
TTATTCGTACACCGCATTT,0
TAGGCCGC,0
GATA,1
TGCAACGCAACATTCCAAAACCAT,1
CACACCCATCG,0
GGGGCTCGC,0
TCTATAAATAGG,1
TCTGTTG,1
TTCCCTGTT,1
TCAAACGGT,1
TGCAGCN,0
CGACCCCCGAACAATACCCTCTGGAGT,0
GGTAATAAAGATACGATAATAAA,0
NTTNCCNNNNNNGGNAAN,1
AAATGACGAAAATGC,1
GAATTAGAAAGTGTCA,0
TCGAAC,0
GCACCTGG,0
ATGTGGGAA,0
AACAAAC,1
CGATTTTCTTAGCTT,0
GTCCATCTAACCTACCAC,1
AAACCCTAACCCTAA,1
TCCATGCATGCAC,1
TTCGACCATCTT,1
GGGTCGAGTGTTGGAAG,0
CTCGGATC,1
CGTTCA,0
TCGGAGAAGTTGATAAA,0
CACTTCTAA,0
NNACGTGGNN,1
ATAGATAA,1
CTGGGCTCT,0
AAAAAGTAAAAAGTAAAAAAGTAAAAAG,1
ATCTCATCTA,0
TATAA,1
GTCCGGAGACG,0
CAACTTTCATAT,1
GAAAGGAGAAGAAAGGGG,0
CGCCACGTGTCC,1
AACGTT,1
GTCCTTAACTGGGGAATCTATAGAGCGT,0
ACAAAGCCACAACA,0
CAAACACC,1
NACGNGN,1
CCTTTTG,1
NTGANTCAT,1
AATTTGAGGATATAAGCTAG,0
CATATTAAAT,0
TCGCTGCA,0
AAAACTAAGAAAGACCGATGGAAAA,1
GACCTACA,0
GGGACCTCTT,0
GCGTAGTTTGC,0
TGACTA,0
TAATNATAT,0
TTNTNTTNTT,1
GTACGTGGCGC,1
GGNAGTANGT,0
GGACTGCGCTGCGTGAAAGG,0
GCTCACAAGCAGAG,0
TCGACA,0
AAATTAACCAA,1
TGGTCCCAC,1
NNNNTANTGNAGCCN,0
CGTAATTCTGTCTGAACC,0
TGTCTCAATAAG,1
AAGTCTCTCTTTACGCATGCCTGCATCTAC,0
TCAGTCCCG,0
ACGGATTGAG,0
ATCGACAGCCATT,1
CCACCGG,0
AACTTGAATGG,0
NNCNGNNNNNCNCACCNNN,0
AAAGTCCTTATAACT,0
ACTTTA,1
GGAAGGT,0
CCAAT,1
NGGGGTNN,0
ATTCTCTAAC,1
CTATAAATACATTTC,1
TACGTA,1
GTTAGA,0
ACGCCT,0
CCGAGCATACGTGGCACCAAC,0
AGGTCA,1
TTTTCATCGT,0
AGATATGATAAAA,1
CTNGAANNTTCNAG,1
TAGATGT,0
ACGTTTTGACCACGCCACGCTACCACTAGCGTCGTACCCGC,0
GCCAC,1
CGATTAGTN,0
GGATA,1
TAATTCTTA,0
ACTCAT,1
TATATAA,1
TCATCTGCCCGTCCATC,1
GATAAG,1
ACGCGCCTCCTC,1
ACGTGTC,1
ACAAGAGGAACAGCCGCTGATATTGCCCC,0
ATAATA,0
ATAATA,0
TTATCCTTCA,0
GATTCCTCCG,0
CTCGAGCAACG,0
TGAAGTCCTACCCAGGAATATTGGAAAAAT,0
CCTTTTGTCTC,1
CACGTGGC,1
CTCTGAGTCT,0
ATCCTATAAGGA,0
TATAAAACCT,0
CTCGCA,0
GGGCGCGGAACAAGGATCGGCGCGCCACGCC,1
AACCTAA,1
GTATGATGG,1
CGGGGTCA,0
NTTTATNTTTN,1
TACCTA,0
CTGACGA,0
TCATGGTAACAATT,1
GCTTTTGATGACTTCAAACAC,1
ATCACCCCCC,0
CGAATTTAC,0
ACCACCTCGGGTT,0
NCNNACCNACC,1
CACTAACACAAAGTAA,1
CGTCCGGCA,0
ATTCGCGC,1
CCATCTTTTT,1
TCATCTTCTT,1
NNNATGGC,1
ACACTTTTTAAAACATGAA,0
AGACCGCC,1
NCCGAC,1
CAATTCAAT,0
GGAAAATGAG,0
CCCTACCCGGCG,0
TGAG,0
AGCACCT,0
ANAAAATAAA,0
AGCCGCC,1
TGAGCTAAGCACATACGTCAG,1
CAATNATTG,1
GANNCGCCN,0
CTAGAAACTTCTCGAG,1
AATATGGT,0
TANGAGA,0
ANGTNTGNACANNNNGNGCA,0
TTAACTTAA,0
AAAATA,0
ACCCG,0
TATTTAAA,1
CGCTTTGC,0
NTNANAAG,0
CTAGCTAGG,0
NCGCGN,1
GATGTGATAGCTTGGAGGGTATT,0
ATTCTACTATTC,0
TTTCTATGATA,0
GCACCG,0
CACCG,0
TCTCACCAACCCCA,1
CCTTATCCT,1
GTCCNTCNAACCTANC,1
CTGCATCATACC,0
GACGTGTAAAGTAAATTTACAAC,1
AAAGAT,1
GCATCGGACG,0
GAGAGAGAGAGAGAGAGA,1
GATTCTGTGGC,1
CATACGTCGTCAA,1
CCACGTGGCC,1
TATTACCTGGTCACGCTTTCATA,1
GTAAATTA,0
CTAAGGAT,0
NTNNNNCNANCNNC,1
TGTTAAAGT,1
ACCCTTCGCT,0
AATAANCT,0
CAANNNNATC,1
TTGAACGGCAAGTTTCACGCTGTCACT,1
ACCTACCC,0
ACCACGTGGC,1
TTTTAATTTTATTA,0
AATCACAACCATA,1
CGTCGACCTCCG,0
ATATTCTCTATGACA,0
GGGTATCG,0
TACTTCCAC,0
TTATTACAT,1
CACGTG,1
AGACAAAA,0
TCTACGTCAC,1
TACTAT,0
TTAATGG,1
AACCCTTACTA,0
ACAGAACTAGAAAAAACAAAGGTGA,0
TGTCACA,1
CACCGGAATGCGACACATC,0
AAAAATAAAATATACTGATAA,0
GAGGATG,0
TGACACGTGGCA,1
ATNATAANTAATNATNATAANATNTNAT,0
ATTGCAGCGGACGATACCAGG,0
AACCAA,1
TCCATGCAT,1
GCACCAATGGCATCCAAGC,1
AGTGTTT,0
CCCAATTT,1
TGACATGTAAAGTGAAT,1
AAATTAAT,0
ATATTCAAA,0
NGCGATCCG,0
ACATGTCATCATGT,1
AAAATATGGTA,0
ACAGAGGTGACGTGGCATCA,1
CTGCACCTGA,0
ACGTG,1
AANTCCT,0
TTATAA,0
ATGTACGAAGC,1
TCATCTTCAT,1
CGGACGTGAGCCATCCCAACCACATCT,1
AAGCGTAAGT,1
AATTTTA,0
AGCAATAAACGAGGTTGATAGTTA,0
AAATTACT,1
TAGGNCNN,0
CTGAAGAAGAA,1
NGANNTNNNAGN,0
TTCATT,0
CTTTATCTCTTCCA,1
GNGNNAC,0
TACGTG,1
AAATTCCCCCCCTC,0
AGTAATCT,1
AACCCATCATGAGCCCACACATTTGTTGTTTCTAACCCA,1
ACCTCTGC,0
CACATG,1
AAGGATAAGG,1
GATCTACTTTCAAATCAG,0
ACTGCCCATT,0
ATGTG,0
CGGATA,1
CAACAG,1
GTATAAGGCC,1
TCTCCACTAAA,0
TCTCTTTGC,0
GGTCANNNAGTC,1
CCAAAACATTCA,0
GGGGA,0
GATCCGCGNNNNNNNNNNNNNNACCAATCN,1
TAAACAATGGCT,1
GGGCC,1
CACGAC,1
AAACCA,1
TNATNATAT,0
TCATCCCGTGGATT,0
TTTGCCTTTTTT,0
TAGAGTACGGGG,0
ATATTTA,0
TTGACC,1
CATTTC,0
ATTATA,1
NNGTGNNAANNN,1
TCAACATATACA,0
GATCCAATA,0
TGATTAAATTAA,0
TGACG,1
AATAAG,0
TGAGCTAAGCACATACGTCA,1
ACCGCCGTTG,0
GCAGTCAACCATGTTTCTCTAATT,0
GACGA,0
CTCCTGATTGGA,1
CCCCANACCCNGAG,0
ANNCAG,0
TTTCTC,0
GGCCTCGCCACG,1
ATCGTGGTCTCCTACCGTAT,0
CCGAAGCCC,0
AATC,0
GTCATCCTCATCTCCGC,0
CCACGTGGC,1
ACGT,1
CTCTATCTTCTCCGGNGCCACGTTGGCCCCNGCTTATCTGGTCCA,1
NANCGTT,0
TTCGTCCTGGA,0
NCACGTGGC,1
TAANAGCCGCC,1
GCNCNAA,0
TGCCACCGG,1
CATCGTGTGGC,1
TTTTTTCC,1
TGACGTGG,1
TGAGAA,0
GGACAGTATTATGGAGA,0
ACCGCATTA,0
TGTAAAG,1
TACAAAA,1
TCGCTGAAGCGAGAATGGGG,0
CGCGGCAT,1
TGNAAANN,1
CAAGTTAACTCCTCACTAGG,0
GAGTTAAGGTGGTAGGC,0
GATGCGACGA,0
CGGTGCCCTC,0
ATGGCCCGGCCTTCCTTCGGGATCCACCCCC,0
TAACAAN,1
CGACG,1
TGAGTTAG,1
GTCCCTACATATTAAGCACGTTTCGT,0
CGATGGATCA,0
TGACACGTGGCTCT,1
ATAACATTAGTCTTATTATGACACAATG,0
ATCTTATGTCATTGATGACGACCTCC,1
AACGACCCTG,0
ACNCGC,0
CGTCCG,0
GCGTNAGC,0
GACCACCT,0
AAAAAAC,0
TCATGTAATTT,0
ACCAATTATTGGTTACTAAATTTAACAG,1
GCTGCCCGTC,1
TCTTCAAACTACCACCAC,0
TCACCAACCCCC,1
AGTCGTGGCCATCCATCCTCCCGTCAATGGACCTAACCCGC,1
TGACGTAA,1
TGTTTNTGNTTTCCGAAANNNNNNN,1
AACTTATAA,0
AAATTTCTT,1
GAGAGGCA,0
TTAGACAGAAGGT,0
CAACTG,1
TGGCAGACTTATAAACAC,0
TCCCGTGCGA,0
GNCNGC,0
AATAGATTG,0
GTACACT,0
TCTTCTTCC,0
TTNCCNNNNNNGGNAA,1
CTAAC,0
ATCCCACCTAC,1
AGCCACC,1
CTCNCGCTC,0
AAAG,1
ACACAAA,0
AGGGGCATAATGGTAA,1
GANTTNC,1
GCGGTAATT,1
AGATGAGTGG,0
TGTAACTA,0
CTTCTAGATCTC,0
AGTACATCTCATCCATTT,1
CGCGAGAA,0
GACACGTATG,1
ACAGAAGTAGGTTAATCAATTTCAGGTTAATCAAAGTGGAGATCGGAAAG,1
CACAAGTTTGTTTTTGTTTTTACTACCAACAA,1
CTACGTGGCCA,1
ACATTACGG,1
AATGGAAATG,1
AGACATTTGC,0
CAACGTG,1
ACCGAGA,1
CGAATCAACCA,0
AATAATAATAATAATAAATA,1
CACATCTTCAACTG,0
ATAACAC,0
GTNNANATTNATNNG,1
CGGGGG,0
TCATAG,0
GTGA,1
CCNATANNAN,0
ACAAAC,0
GCGCGGCGC,0
CTGTGATTAAATAT,1
TCCAACTTGGA,1
TTTGAGCTCAAATC,0
TAACAAA,1
CCATACATT,1
CCCACAGGC,1
AGTGCTGGGTATC,0
GGAGGAGTTATCG,0
CNAACCATNCCNTCGT,0
ATGGC,0
CTAGGACG,0
CTATAAATAC,1
TGATGTAAGAGATTACGTAA,1
ACACGTTGT,1
ATATCATGAGTCACTTCA,1
CATCTTACACTAATTACCGCTTTGTC,0
ATTTCCAAC,0
ACGTAAGCGCTTACGT,1
ATTTTAAA,1
AACTCCATACCAC,0
GNATATNC,1
GAAAGATGAA,0
TCCACGTGTC,1
AATAACAAACTCC,1
ATATAGCTCT,0
CATGCATG,1
GATTACGAGC,0
TGTGTGGTTAATATG,1
GTAATNATTAC,1
GCATTCTGATCGACAA,0
TCATTTA,0
CACGCAAT,1
TCCACGTAGA,1
CTTAGGA,0
TAANAAC,0
AAATTACTA,1
GATGACATGG,1
AGGGG,1
GCCCACGCA,1
AGGTATTGTTTTTCCATATAAATCTTAATCCC,0
GTTTACATAAATGGAAAA,1
GNTNANNNCNATANNT,0
CATTAATTAG,1
CCGTCC,1
CTCCCAGGG,0
GGTCCCAT,1
CCTATTCACCCA,0
CAATTACAT,1
TTTATTTACCAAACGGTAACATC,1
ANCCTNNCNNNNNN,0
TCTAAGCAAAG,1
CCAGGTGG,1
CCATTTCAA,1
GCACAGGGAAA,0
NCNNNNNNNGNNNNNNNNNNNNAN,0
NCACGN,1
CCACGTCATC,1
AATCTCCAACCA,1
TCCGTGTACAA,0
CAACAAACCCCTT,1
NGANGNATTACNCT,0
TATATAAAATTT,0
AAGTAAATGTTTCTCAAAAAA,0
CCACGTGGCGGCCCATCCGCCCGTCCAACTGACCTAACCCGG,1
CGGCGGCCTCGCCACG,1
AGAGT,0
CCCCCCACATAATCCTA,0
GGATAATATCTATCATCGAAAAG,0
GGCCCCGGG,1
ACTCATCCT,1
ACACGTGT,1
CTATTCTCATT,1
GAATGAGAGC,0
AGATAAGG,1
TATAAGAA,1
TCTCCCT,1
ACCTTTA,0
CCACGTAA,1
AGATACCCTCTCGTTGGACACTTT,0
AGCAACGGTC,1
TAACACGTAG,1
TAAATGCA,0
GAAAAA,1
ACTAGATCTCTTCGGACAAA,0
NTACCG,0
TCAGTCGA,0
TCCACGTGGT,1
CGTACGTGCA,1
NCANTNNT,0
CTCGCTGGCAA,0
CGTGG,1
CCAATGT,1
TCATAACGGAATAC,0
AACGTAGATG,0
CTGAAT,0
GATGANNTGG,1
TCTCACCAACCACA,1
AGTTGTAT,0
AATCTAATCC,1
CTAACCATGTAAT,0
CCACGGCAAA,0
TAGTAAC,0
GATGATGTGG,1
CTCAACAA,0
CCCAATGAATTCACA,0
GATAGGA,1
NGNCNNNNNN,0
NNCGAC,1
TATTCT,1
GAATANCNAT,0
CATCCAACG,1
TGTACT,0
TTATGTCTTTTTGGCGTCTTAT,0
GAAAGGCAGAC,1
AAACAAA,1
TGTAAAAGT,1
CAATTATTA,1
GCTTATCTGGTCCA,1
CCATCACGAAAACCGTGGAAGACCGGGCCC,0
CCACCT,1
CCCACCTACC,1
AATTAAA,1
TATGC,0
TGACN,1
GAAAAACA,0
TCACTTTGATACCAGACGCT,0
TGTCA,1
GNNTCTC,0
CGAATGAAAATCAGA,0
NAGGAGTTA,0
AACTTACAACCA,0
TTCCAACAAACCCC,1
ACCAAG,0
GGACGCGTGGC,1
GGTAAAGAAA,1
ATTGG,1
CAACAAACTATATC,1
TACTATT,1
AGAATTG,0
GTACAATA,0
GCTATGTGACAGGGGCACAA,0
TAGTGGAT,1
AACTTATA,0
TATACTACCGACATGAGTTCCAAAAAGC,1
TATCTGCGCCAAC,0
GCTCCTGTAAG,0
AACGTG,1
GGATCC,0
CTAGTG,0
ATNCTAAA,0
TATGTA,0
AAATTTAATCT,0
CGCGTAAAT,0
AAAATATCT,1
TTAGCC,0
TAAATGNA,1
TTGGATTCG,0
NATATGNC,0
GCGTNNNNNNNACGC,1
ATATACGTGAAGG,1
TTAAAT,0
GCCGCGTGGC,1
TAACTNAGTTA,1
NCNAANCC,0
CGGCGCCCT,1
ANCCACA,0
GCGGGAAA,1
CCTACGTGGCGG,1
CCACGTCA,1
GATATATTAATATTTTATTTTATA,1
CATTTTCCCCTTAT,0
GAGGTC,0
NCNNGANGNTCNANTNNN,0
CCGGTATC,0
AATATTT,0
TCCTCTAAACAAAA,0
CGCTAAACCCG,0
NNCATNNATNGNNGNC,0
AACAAACTCTAT,1
TTTATCATA,0
ATATAA,1
TGAATCGCA,0
ATTCCCAACTGGAA,0
GACACGTGGC,1
TGCCACGTGTCA,1
TAATTACTC,1
GATNT,0
TGTGACATTGAAATTCTTTGACTTTA,1
CANNTG,1
TGCAAAAAATA,0
TCGATCA,0
TTGAC,1
TGCA,0
ATCCATTGAAGAATTGA,0
AATGGCCTTCGCT,0
GAGAGAGAGAGAGAGA,1
GCGATCCCC,0
GAGTGAG,1
AAAATAT,0
AACGG,1
CCGAAA,1
CGTCAATGAA,1
TGAAAACAGTGAGTTA,1
AATATAGA,0
CCTNNNGA,0
NNCGTCNNGNTNNNN,0
TAAGAGCCGCC,1
GCTAAGA,0
GAAATAGCAAATGTTAAAAATA,1
TGCCGGCAGG,0
AGTCCCATG,0
TAAATCTT,0
NAGGTAAGT,1
GATAGGG,1
TTTTGCCACGTCACATGCTG,1
ACCCGCGCG,0
GTTAGGTT,1
TTACCTATC,0
CAATCAAAACCT,1
CAAAGC,0
TTATTT,1
GGTAATGACAA,0
NGNCNNCGNN,0
TTACGCAAGCAATGACATCT,1
CTCCCAC,1
NGTGACNNNGC,1
CTCCACATAATCGACACGCATAAA,0
CGTAAACAGG,0
GTAAACATACCAACAA,0
TTCCCGGT,0
CNCGNNTNCCGNNNNTANNAANNNGCCANN,0
TGTAAAGT,1
CAGATTTATTTTTA,1
ANTTCAAA,1
AGGCTGT,0
TCATATGCGTCCTCGTCAAGACAATCATCATCCCTAATC,0
ACCGCATCTAGAT,0
TATTGGTTACTAAA,1
CTCCTGATTAGC,1
CAACCCTC,0
AGATAATACCCTTTA,1
TCCCTGAGGAC,0
AGGGTCGCGCG,0
TACGTCGGAG,0
CCTGCGCCG,0
ACGTGGCA,1
ACCTAACCCGG,1
AGTTAGTTAAAAGA,1
CGCTTAA,0
CCGGGAGGGTC,0
CCGGAAGCT,0
ACCGTGG,0
TCCACGTGTCACT,1
CAACTCCC,1
GTCGAC,1
ATTCACCTACCC,1
AGGACAGGAATGTTC,0
AAGT,0
ACCTACCCTACTTCCTA,1
GTTAAGGTG,0
AGTGGCGGNNNNNTTTGAA,1
ATTCCTTTCTGAAACGTTC,1
TGCTATCCG,1
AAATTTCCT,1
CCTACCNNNNNNNCT,1
TACTATCAT,0
TCCCTTC,0
TGATAATGT,1
TTACATGAACTACC,0
ACATAAAATAAAAAAAGGCA,1
TACCTNNNNNNCNCCNNNAN,0
CTTTTGTGTACCTTA,1
AACTCCACCAC,0
AAATCTAAG,0
GTAGGTATTGTATG,0
NACT,1
TAAAGATT,1
GCCACGTGGC,1
TNAATGTCA,0
AATATT,0
ACTGTGTA,1
ATGCAATCGATTGTATAACT,0
CGACCAGG,1
CGCCATTCGT,0
CACACA,0
CTATAAATGCATTTC,1
NGTCCCAT,1
TCTAACCTACCA,1
ACACACGTCAA,1
TGGCGGCTCTTATCTCACGTGATG,1
AGCAAC,0
AACCGC,0
CAATTTAGTCAAAAAAAAA,0
GCTCCGTTG,1
TAACGTA,1
AGAAACTT,1
CAAACTCGTATATCCAT,1
GTAC,1
TAAAG,1
TACCGAGTCA,0
TATATTTATATTT,1
GTTGATGT,0
TATCCAC,1
GTCCGGA,0
GGCAAT,0
CCTGCGGAAT,0
CGCCTGACGC,0
TCCACGTCGA,1
CAATTGG,0
CGTCA,1
TCCGTGTACCA,1
GATGATT,0
AAGCAACACACAAC,1
ATAACAGCATAGTAATTGT,0
TGATGTGTTAATGGT,0
TTATGAACAGTAATT,1
CCATCA,0
AGTTTGGAAN,0
CGCTCCGGGG,0
TGACGTGTAAAGGTGAA,1
AAAGACCC,0
CAAAT,1
CATCCAACTTTCATATCCATGTGCTT,1
AAACANT,0
AATTCA,0
TTNNNGTAGCTAGTGTATTTGTAT,1
CCACCAACCCCC,1
AGTCGTGTGA,0
GNNAAN,1
CCACTGACGTAAGGGATGACGCACAATCC,1
CAGCTCCCATGGCTCTCCCATCCGCGCCGGT,1
TGACT,1
AGACCGTTG,1
ATAATAAT,0
CACAAACC,0
TCGGCCACTATTTCTACGGGCAGCCAGACAAA,1
TATATAAT,0
ACGTNNNC,1
CNGTTN,1
CACGAAAA,1
CATGGGCGCGG,1
CACGGATC,1
CAGACGTGGCA,1
CTTGCAACTTGGCAGA,0
TGATATACGTATAT,0
CCCCGG,1
CACAACCGCGGC,0
TCATCAC,1
TTTCTACACTTATTCGTA,0
CGTGCAAGCCCAAAGGCCAATCGGCCCAGA,1
GCTACGCCCCAAGACTAGTC,0
TATATATA,1
CATCTACGAATAT,0
TANATTGNC,0
CTTCCACGTGGCA,1
GAGGGTNG,0
AGCTCAATTTCA,1
GCCAATTCTGACA,0
ATGCGNNCGT,0
GGATAAG,0
NTACGTGGCN,1
AANAATNNNTANATAAAANTTTTATNTA,1
AGGTCACGTTCCCGTT,0
TAAACCTTCA,0
TATTATTTTTATA,0
GTATCTANAAT,0
TACACTTTTGG,1
NANAGN,0
CGTAAATG,0
CCTCAGGGAGTTTC,0
ACTAAACCCCCCTC,0
ATTATTGATATAAATTTATTTTTA,0
CCTACGTGGC,1
AATTTAA,0
TAAACGTG,1
TATACA,1
AGTACCAAACCC,0
TCCAGA,0
NACTTTCTGCGGGCAGCTCGTCCTACTCCTCACCGTNTCCCGTTG,0
ACTTTATCCCTCCTCC,0
TTATTATA,0
GTCAAAGGA,0
AAAGA,0
CTCCAACAAACCCCTTC,1
NTTNNCNN,1
GGNAGGGT,1
TATTAAT,1
GCCACGTGCC,1
TATA,1
AATGATGTGTCAAT,1
CTCTT,1
ACGGTC,0
TATTAG,1
TGCTA,0
AAGA,0
TTACTTAGTGAGTGGAGAAGAGAAAGCAAGTCTACGTAATGAACAAATGT,0
GCGGCAAA,1
TAACTC,0
CCCCCATTACA,0
TGAGGATTGG,0
NTAACANANTCNGG,1
ATTAAT,1
CTCTACA,0
CACGTGAAA,1
TCAAATAA,0
AGTACGTGGC,1
TTNCNANNNNTNGNAA,1
GAACCAATCCCAACCAAGC,1
GACACGTAGA,1
TNTTTNT,0
AGTTATATTATAATATTATT,0
TGACGNAAGNNNTNACGNNN,1
GAAAT,0
AGATCCAA,1
AGAAAGA,0
AAGCATA,0
CANATAGTT,0
TGTTACGTGCC,1
ACTCTACAGTACTC,1
AAGATAAGATT,1
CATATG,1
ACAAAGAA,1
TTNTTNTTNT,0
NACCNANC,1
GATTCCGTAT,0
AANCCA,0
TGACGT,1
AGTCAAAATTGACC,1
ATATT,1
CAGCGTGTGGC,1
ATTTATATAAAT,1
CCGGAGCTCA,0
ATACGTGT,1
AATATACTAGTATTATTTACTAAAAAAAATC,1
GCTAT,0
GAGTACTTGGATTTAG,0
ATTGCATCGGTCACCCCT,0
GCCACGTGGG,1
CCAGNN,0
CTGCTTTTAAGGTTTATTCATAAGTA,0
TGCAAAG,1
GGGAGAAGAAAAGGGA,0
NNNNCCANNNNTNGNNAN,1
CAACGGCCACG,1
ATTAAAAGTTAAAAACACA,1
TGCCAGGCCC,0
GATAAGTACAGAATATTTCAGAA,1
ATCN,0
TCGGAT,0
CTCTGGAACCTTTCAGAAATATC,1
GCATCTTTACTTTAGCATC,1
GCAACGTGTC,1
GTCATGAAAC,0
CACGTT,1
TTACGCAAGCAATGACAT,1
GTGAGTATTTAC,0
CTGCTT,0
NNNTNTNC,0
TCAAACTACCAAA,0
AACGCGTGTC,1
CGTCATCGAGATGACG,1
CCTTGGAA,0
TCCACGTGGCATT,1
ATAACATCCAAAC,0
TTACGCAAGCAATGACA,1
ATCTCTCTTT,0
GCAACGCAAC,1
CCCANC,0
GTCCAACTGACCTAACCCGG,1
CGAATCACCAACG,0
TCCACATGGCA,1
GGTTAAT,1
ATTATTTTTCATAATT,0
ANACTCG,0
CAAT,1
CCTGCTAGAG,0
TGGAAGAA,0
TGTGTTCAGCTAGTAATCCCGTAACGC,0
CTAATTGTTTA,1
CATGCAN,1
GGACCGGTTCG,0
ATCAAGCATGCTTCTTGC,1
AGACCACGCGTGGAACACAC,0
GCCACGTACA,1
TTATCC,1
AACACTC,0
GTGGCCCA,0
CGGTTTACGTAATCTCTTACATCA,1
ACACACTTCA,0
TGGAGGCTGGTTGGAGA,1
TATATA,1
ATCAATCTCCCA,0
CCCCCG,1
CTCC,1
GATTAGGTCCCT,0
TGAAATGAT,0
NTGTCNC,1
AAGATTGATTGAG,1
TCCCCATTTTACCCCT,1
GATCATCGATC,1
AGGACCC,0
CGTAGGTCCCCGGTC,0
ACCGACA,1
GCAANTGAAATNGTANT,0
CAGT,0
AAACAAT,0
ATAGTGTATGTT,0
CACAATGTGTTACGAC,0
ACGTGNC,1
CACTGGCCGCCC,1
CGCAG,0
TCGGGCATG,0
ACCAAAC,0
AGTACCGT,0
CCTCGTGTCTC,1
CACGTC,1
TAAGTCATAACTGATGA,1
TAGTGCTGT,1
ATAAAAAAATAAAAATATTT,0
AGTAAACGA,0
TCAGCGATAA,0
CTTAANTGA,0
CAACTCAC,1
AAACCCTA,1
CACATGGCACT,1
TCACGCGGATC,1
TATCCA,1
ACGCCNACCGGTCGCCAT,0
CCAATAAAAAT,0
GCGACGTACC,1
GGGCATGCCGT,0
TTAACTATATACCTA,0
NTGAGTCAT,1
AANGTATCNA,1
AATATTTTTATT,1
CAGGAC,0
AGACTAATCT,0
CCAAA,0
CNAACAC,1
GCCACTTGTC,1
TCCAACGGT,1
TAATNATTA,1
AGATCGACG,1
TAAGTTGCG,0
AGTAGAGAAAG,0
TCCGGTGGCCGTCCCTC,1
GAANTTGTGA,1
TGTAATAATATATTTATATT,1
CATGCA,1
TCATGNT,0
ACCTAGCA,0
TTGCTACA,0
CACCAACGCGG,0
CTCTTAGACCGCCTTCTTTGAAAG,1
AAGATAAGGCT,1
NTTNTTTTATN,0
AACCAATCTCATCCATCC,1
TAAGAGAGGAA,1
TATATAAAG,1
TAAAATAT,1
AATAAA,1
TACTTGCAC,0
