ID,Gene_ID,Original_Motif,Expanded_Sequence,Length,Source
ABRE,U01377,CACGTG,CGACATACATTTGTTTCTATTACAAATTTAACAACAAACGTCAATAAATACACGTGAAGGAAATGAGAACGACCCTCTTAAGTAGTACTGGAAATTGAAAAAAAGA,106,PlantCARE
ABRE,AB000615,ACGTG,CCTCCAAGTTTTGTGTCAACTTGAATTTGTACTTAATTGCAATCTTTGGAACGTGTTCATTCGAAAACGAGAATAAAAAGAAAAAAACATGACTACGTCTATAAC,105,PlantCARE
ABRE,U19862,AACCCGG,AACCATTTTCATCATAAAAGATATATTTTTTTATCATTGAATACCAATCAAACCCGGTATAATAAATAAAATTGTACCAAATTAATGCGGTTAGGTGAATTCAATTT,107,PlantCARE
AC-I,X62747,GCTTACCTACCA,TTTCTATAATCTTTATATGGAAGAAAAAAAGAAACTAGCTATCTCTATACGCTTACCTACCAACAAACACTACCACCTTATTTAAACCACCCTTCATTCATCTAATTTTCCT,112,PlantCARE
ACA-motif,L14743,AATCACAACCATA,ACTTTGTGAATATGTGATCATAGAAACATGAGGAGACAAGAGAGTGCTAAAATCACAACCATAGAAACAAGTAAGAAAGCTATCCAGAATCTAATCTTATTTGCCTCCAAGTC,113,PlantCARE
ACTCATCCT sequence,AB008810,ACTCATCCT,AGATTCAAAGAACAAGTCCAGGTCCACATGTTGAATCCGATTCATCATCCACTCATCCTTCATATCTTCCTCCACCGTCTCCGCCCAAAAAAACAATAACAATAAAAAA,109,PlantCARE
AE-box,L14743,AGAAACAA,TGTGATCATAGAAACATGAGGAGACAAGAGAGTGCTAAAATCACAACCATAGAAACAAGTAAGAAAGCTATCCAGAATCTAATCTTATTTGCCTCCAAGTCATCAATT,108,PlantCARE
AE-box,L14749,AGAAACTT,GATGAAAACTATATGACATGAAAAGAAGGATTAAAAAAATGAGTCTCTTGAGAAACTTGTGATCACTGGCTCACAGAATCTTATCCCCATATGTATCTTACCTACATA,108,PlantCARE
ATC-motif,L14743,AGCTATCCA,ATGAGGAGACAAGAGAGTGCTAAAATCACAACCATAGAAACAAGTAAGAAAGCTATCCAGAATCTAATCTTATTTGCCTCCAAGTCATCAATTCTTTATCCTATATTAC,109,PlantCARE
AT~ABRE,D13044,TACGTGTC,CACGTAGAGAGCAACTGGCTGAGACGTGGCAGGACGAAACGGACGCATCGTACGTGTCAGAATCCTACAGAAGTAAAGAGACAGAAGCCAGAGAGAGGTGGTTCGGCC,108,PlantCARE
AT~TATA-box,AF264749,TATATA,CCATAATCGAAGACGCTTATTAAATATTTTTATTTATCGTGCGCGCCATCTATATATAGTTGGTCATTTCTTTAGTTCCAAATTACCTTGAATTTATATTATTTCA,106,PlantCARE
AT~TATA-box,AB000615,TATATAAA,AACCTGTACCCAAACAGTCCCATAAGAAGCCAGAATCAAAGTACACTGTGTATATAAATGAGCCCAACAATAACCGAATAAACAAAAACAAAAAAATAACGTTGCCTT,108,PlantCARE
Box I,M20308,GTCCATCTAACCTACCAC,AACCACAGAAAAGGGGGCTAACAACTAGACACGTAGATCTTCATCTGCCCGTCCATCTAACCTACCACACTCTCATCTTCTTTTTCCCGTGTCAGTTTGTTATATAAGCTCTCACTCT,118,PlantCARE
Box II,M20308,ACACGTAGA,GAAAAAACAGGGAAGCAAGAAGAACCACAGAAAAGGGGGCTAACAACTAGACACGTAGATCTTCATCTGCCCGTCCATCTAACCTACCACACTCTCATCTTCTTTTTCC,109,PlantCARE
C-repeat/DRE,L22568,TATACTACCGACATGAGTTCCAAAAAGC,GACATCAGTTTGAAAAGAAAAAGGGAAAAAAAGAAAAAATAAATAAAAGATATACTACCGACATGAGTTCCAAAAAGCAAAAAAAAAGATCAAGCCGACACAGACACGCGTAGAGAGCAAAATGACTT,128,PlantCARE
CAAT-box,D13044,CCAAT,TCAGAAATGGAAACTGAGAAAACACACCACAAATTTCGAAAAATCTACAACCAATCTCACTATAAGAAACAAAGGACCGTTGACAGAAACAGTCAGCGAGACTCA,105,PlantCARE
CAAT-box,X84728,CAACCAACTCC,TAATCTCACAAATCCATCACTCACTCTCCATCTACGTCATCATTAATTCTCAACCAACTCCTTCTTTCTCACTAATTTCATTTTCTATAATCTTCCATATGGAAGAAAAAA,111,PlantCARE
CAAT-box,X98080,CCCAATTT,CTAGCCCGGAAATCTCTGGACGTGTGGGCCGAATCTAAACCCTCTTAAAGCCCAATTTGATTAGGATCAAGAGAAAGGGGAAGCCCTAAAGATTGGCCTCCTGCGTTC,108,PlantCARE
CAG-motif,L14743,GAAAGGCAGAC,TACTCTCTCAGCCAGTCCTAAGAACCTCTGCTCTAAAAAGTCTGAGCTTTGAAAGGCAGACAAATGGAGAGCAGCCTTATCCTCCTTTTATAACTGTGACCACACACACAA,111,PlantCARE
DRE,D13044,TACCGACAT,GACCGACTACTAATAATAGTAAGTTACATTTTAGGATGGAATAAATATCATACCGACATCAGTTTTGAAAGAAAAGGGAAAAAAAGAAAAAATAAATAAAAGATATACT,109,PlantCARE
DRE core,D13044,GCCGAC,TAAAAGATATACTACCGACATGAGTTCCAAAAAGCAAAAAAAAAGATCAAGCCGACACAGACACGCGTAGAGAGCAAAATGACTTTGACGTCACACCACGAAAACA,106,PlantCARE
G-box,L21929,CACGTG,CACAGAAAGAGTCACATTATTATATCCTCTAAAAAACCAAACTAAAACGACACGTGAAGTCTTGATCAGCCGATAAATAGCTACCGACATAAGGCAAAACTGATCG,106,PlantCARE
G-box,M12196,GCCACGTGGA,AAACTATTAATAATTACTACAATTTGTAATTAAAAAGATCAACGAGAAATGCCACGTGGACGAATACTAGCAACGCCAAGTGGAAAGAGCGTTCGAGAGAACAAGGCAAA,110,PlantCARE
G-box,X13611,TCCACGTGGCATT,CCATCACACAATTTCACTCATAGATAACGATAAGATTCATGGAATTATCTTCCACGTGGCATTATTCCAGCGGTTCAAGCCGATAAGGGTCTCAACACCTCTCCTTAGGCCTT,113,PlantCARE
G-box,AF264749,TACGTG,CATTTAGCTTAAAGGTAAAGGAAACAAATAAAATAAAAAGGGTAAGGCAATACGTGGCTCAAAAATATCTAAAAAGTTGGTCTCTATATAATGTGAGAGATATATC,106,PlantCARE
GA-motif,X13611,ATAGATAA,CAGGCAAGTAAAATGAGCAAGCACCACTCCACCATCACACAATTTCACTCATAGATAACGATAAGATTCATGGAATTATCTTCCACGTGGCATTATTCCAGCGGTTCA,108,PlantCARE
GATA-motif,X51370,GATAGGA,AAACACAAAGACGATAATCCATCGATCCACAGAATAGACGCCACGTGGTAGATAGGATTCTCACTAAAAAGTTCTCACCTTTTAATCTTTCTCCACGCCATTTCCAC,107,PlantCARE
GT1-motif,X98080,GGTTAA,TAGCTTGATCAAGATTTAGAAGTTAGCATAGAAAAATGCATGAGAATACTGGTTAAAATTTTCGTGCACAAGTAGCTAAAGAGAATAATCTTGCTTCCTTGTTTAA,106,PlantCARE
HSE2,Y07613,AGTCTCGAAACGAAAAGAACTTTCTGGAAT,TGAACCGGCGAAATTTCTTTGCCAGACCTATTCGGAATTGAAACAAGTGGAGTCTCGAAACGAAAAGAACTTTCTGGAATTCGTTGCTCACAAAGCTAAAAACGGTTGATTTCATCGAAATAGGGCTTCG,130,PlantCARE
I-box,L14743,CCTTATCCT,CCTCTGCTCTAAAAAGTCTGAGCTTTGAAAGGCAGACAAATGGAGAGCAGCCTTATCCTCCTTTTATAACTGTGACCACACACACAAATGAAGAAGCCCAAATGAAAGG,109,PlantCARE
I-box,X13611,GATAAGGGT,AAGATTCATGGAATTATCTTCCACGTGGCATTATTCCAGCGGTTCAAGCCGATAAGGGTCTCAACACCTCTCCTTAGGCCTTTGTGGCCGTTACCAAGTAAAATTAACC,109,PlantCARE
MBS,D13044,CAACTG,GCTTCTCTAAAGATCGGATAAAAGATAATGTCGCATAGCCACGTAGAGAGCAACTGGCTGAGACGTGGCAGGACGAAACGGACGCATCGTACGTGTCAGAATCCTA,106,PlantCARE
Myc,U19862,TCTCTTA,ATTTAGATACTAAAATCAGCATTGATGAAGATCCACATGAATAAGACTCGTCTCTTAACTCAACATTTAACATATGATTTTCATATTATTGATCATTTATCTTTGTG,107,PlantCARE
STRE,Y07613,AGGGG,AGGCTTTCTCCAAGAATCTCAAATTGGGTATCCATGAAGACAGTCAGAACAGGGGAAAGATTGCTGATCTTCTACGGTACCACTCCACAAAGAGTGGTGATGAAA,105,PlantCARE
TATA,Y07613,TATAAAAT,ACTGGTTTTCCTTTATTTCAAAAGAAGAGACTAGAACTTTATTTCTCCTCTATAAAATCACTTTGTTTTTTCCTCTCTTCTTCATAAATCAACAAAACAATCACAAAT,108,PlantCARE
TATA-box,M92354,TATATA,TTATCTAATCCTATAAGATTAACTCTCATGTTTGTGTATGGTTTATGCATTATATAATAGACATTTGATTGAAATGTCATTGTTTTGTTTGGCACAGGGGATTCTA,106,PlantCARE
TATA-box,X60377,TATATATA,GTAACTTGAACCAGGCCACATTAATTGCATGTCCTAATCTACGTAATGAATATATATACGTACCAAAGCAGATATTGACATGACAGTGGCAAACACTTGAATTAAAAC,108,PlantCARE
TATA-box,X84728,TATTTAAA,AAGAAACTAGCTATCTCTATACGCTTACCTACCAACAAACACTACCACCTTATTTAAACCACCCTTCATTCATCTAATTTTCCTCAGGAACAAATCAATTCCTTAACC,108,PlantCARE
TATA-box,X98080,TAAAGATT,AAACCCTCTTAAAGCCCAATTTGATTAGGATCAAGAGAAAGGGGAAGCCCTAAAGATTGGCCTCCTGCGTTCATCATCACCTTCTCTCCCGCCGCTTTCTTTCATCTT,108,PlantCARE
TATA-box,AB006777,TATATAA,AAGCTGCTACTACCCCACCACAACTTGATTTGCAACACTTTGCCTTAATATATATAAATTCTTTAAGCTATTTTAAATAGATCTCACGAGGTTGTATGCCTTAGAAA,107,PlantCARE
TATA-box,AJ003135,TATA,CGATAAAGAATTAAAGACTAAAGGACAAAGTTACCGTAGACGGTAGAAGTTATAAAAAAAAAAACCTTAAACTGGGGGCATCACTTGAATCTAGCAGCCATGTT,104,PlantCARE
TATA-box,D13044,TATAA,TTTCAACTCGGTATTCGCTTAAGCACCAAAATTTCCAACCCAAGTATGAATATAAGATCTAAGCAACAATCAGAAATGGAAACTGAGAAAACACACCACAAATTT,105,PlantCARE
TATA-box,M17132,CCTATAAAAA,TAGATTTAATATGCGATCTGATTGCTCAAAAAATAGACTCTCCGTCTTTGCCTATAAAAACAATTTCACATCTTTCTCACCCAAATCTACTCTTAACCGTTCTTCTTCTT,110,PlantCARE
TATA-box,M12196,TATATAAATC,TTCTAGTGGTGAGTTTTTGTAAATATCTACTTCTTCCAATTACCAGCTGCTATATAAATCCCCTTCTCTGTTTCTCTTTTCTTACATCACAATCACACAAAACTAACAAA,110,PlantCARE
TCT-motif,L14749,TCTTAC,TCTTGAGAAACTTGTGATCACTGGCTCACAGAATCTTATCCCCATATGTATCTTACCTACATAATAGCCACATATTACTTTGCTTCACTTTGAACCATTGGTTGGT,106,PlantCARE
as-1,AB008810,TGACG,ATTAAATAGTTATCCGATGACTCATCCTATGGTCAGGGCCTTGCTGTCTCTGACGTCCTTAATTATCATTATTTTTAAATTTGTCTCTCTCAGAAAATTACGCCA,105,PlantCARE
Chs-unit 1 m2,M20308,TCATCTGCCCGTCCATC,AAGCAAGAAGAACCACAGAAAAGGGGGCTAACAACTAGACACGTAGATCTTCATCTGCCCGTCCATCTAACCTACCACACTCTCATCTTCTTTTTCCCGTGTCAGTTTGTTATATAA,117,PlantCARE
Ocs-element,X95295,ATCTTATGTCATTGATGACGACCTCC,TCTAGAATCTTATGTCATTGATGACGACCTCCTCTACACTTTTGGATTTGTATGTTTACAAAGGAAGGAAGGATTACCTTAG,82,PlantCARE
Sbp-CMA1c,S74719,CTTTATCTCTTCCA,AATCATATCTTCTTCAGTTACTGCCACGTGTCACTCTGACCGTGAACAGCCTTTATCTCTTCCAAGTCCACTTGTGTTCTTGATTATTTTGTCTTCACCATTCTCTCTACTCAA,114,PlantCARE
CAAT-box,X67833,TGCAAATCT,CGACACACATACAATCACATGCGTGCATGCATTATTACACGTGATCGCCATGCAAATCTCCTTTATAGCCTATAAATTAACTCATCCGCTTCACTCTTTACTCAAACCA,109,PlantCARE
TATA-box,X67833,TATAAAT,GCGTGCATGCATTATTACACGTGATCGCCATGCAAATCTCCTTTATAGCCTATAAATTAACTCATCCGCTTCACTCTTTACTCAAACCAAAACTCATCAATACAAAC,107,PlantCARE
G-box,U27107,CCACGTAA,TTTAAACTCGCAATGAATTAGAAAATGGTAATTAAATTAAAACAGACGGACCACGTAAGTCACATGACTTGATGGCGTAGAGCGACTAATAATCGAACACGTGTACGG,108,PlantCARE
G-box,U27107,ACACGTGT,CGGACCACGTAAGTCACATGACTTGATGGCGTAGAGCGACTAATAATCGAACACGTGTACGGTAAAAGATTGAGAAGAGAAGAGAAGAGAAACACAAATGGGTGGCAC,108,PlantCARE
G-box,X61937,ACACGTGGC,AAGTAAACCCCTGTCGTTTACACCTCAATGGCTGCATGGTGAAGCCATTAACACGTGGCGTAGAATGCATGACGACGCCATTGACACCTGACTCTCTTTCCTTCTCTTC,109,PlantCARE
TATA-box,U27107,ATTATA,CTTTGGAACCGAAATTCGGTTAGGAAGATTTAGATTTTTGAATTTTCGATATTATACTCATAAATCACATTCGAACTTTACTAATTATAGATCAAAATTTGGTACA,106,PlantCARE
TATA-box,X61937,ATATAT,GTAGAATGCATGACGACGCCATTGACACCTGACTCTCTTTCCTTCTCTTCATATATCTCTAATCAATTCAACACTCATTGTCATAGCTATTCGGAAAATATATACA,106,PlantCARE
Box-1,X98521,TGGAGGCTGGTTGGAGA,CGAAATTTGGATTAGTCAAAAAAAAAATTCGAAATTTGGAAGGAACAAACTGGAGGCTGGTTGGAGAGAAGAATAGTTAAGGTAAACGTGGAACGACACCCTTCTATTTTGTTTTCG,117,PlantCARE
CAAT-box,Y13535,CCAAT,TGTTTAACATAATCTAAAACATTTTTTAAACATATTACATGTTGTATGACCAATCAAATAATTCATATTTTTTTTTTATATTGGTTGAATTTATGTATTAAATG,104,PlantCARE
G-box,X98521,TAAACGTG,AATTTGGAAGGAACAAACTGGAGGCTGGTTGGAGAGAAGAATAGTTAAGGTAAACGTGGAACGACACCCTTCTATTTTGTTTTCGGGGAATGCGGAATTAAATTAAAG,108,PlantCARE
G-box,X98521,TAACACGTAG,ACGCGTAGAAACGAAAGGAAGCCTGACAAAATAAATAAAAACAACTTTCTTAACACGTAGGTCAACTCTCAATCCGACTGTACATAACATAACTACATATAAGTATGTTC,110,PlantCARE
GARE-motif,X98521,TCTGTTG,ACACCCTTCTATTTTGTTTTCGGGGAATGCGGAATTAAATTAAAGTTGGTTCTGTTGGTGAACTGGAGTTATTCATTGGGAAGGAAACAAAAATCTCGAAAAAGAGC,107,PlantCARE
HSE,X98521,ATTCCTTTCTGAAACGTTC,AATTATTTTTAATGTTTAATATTTTTTTAAAAAATTTCCTATAAAACGAGATTCCTTTCTGAAACGTTCAAACTAAAGAAAATTCGCTTAAAAACTTTAGAAACTCTTTCGTTACATGT,119,PlantCARE
HSE,X98521,TAAAAACTTTAGAAACTCT,CTATAAAACGAGATTCCTTTCTGAAACGTTCAAACTAAAGAAAATTCGCTTAAAAACTTTAGAAACTCTTTCGTTACATGTCTTCTTTTTAGTGGTCTTCGCTTCTTAATTAGCATATA,119,PlantCARE
TATA-box,X70333,TATAAAT,GCGTGCATGCATTATTACACGTGATCGCCATGCAAATCTCCCTTATCGCCTATAAATTAACTCATCCGCTTCACTCTTTACTCAAACCAAAACTCATCAATACAAAC,107,PlantCARE
TATA-box,Y13535,ATATAA,TTCTTAACACGTAGGTCAACTCTCAATCCGACTGGACATAACATAACTACATATAAGTATGTTCAAACCTGGAAGACCAAGAAAATTAAAAAAGCATAGAAAGGAA,106,PlantCARE
TCA-element,X98521,TCAGAAGAGG,TCACTCCCATACATACAAACCGGTTGACTGACTATTGGCTGGAAAAAAAATCAGAAGAGGAAGTAAAGTTTAACTAAAACTACTTGCAGATAAAAACAGAGGAGTATAAC,110,PlantCARE
TGA-1,X98521,AACGAC,GGAACAAACTGGAGGCTGGTTGGAGAGAAGAATAGTTAAGGTAAACGTGGAACGACACCCTTCTATTTTGTTTTCGGGGAATGCGGAATTAAATTAAAGTTGGTTC,106,PlantCARE
WUN-motif,X98521,AAATTTCCT,GGGACTTTTTTAAAGATTCAATTATTTTTAATGTTTAATATTTTTTTAAAAAATTTCCTATAAAACGAGATTCCTTTCTGAAACGTTCAAACTAAAGAAAATTCGCTTA,109,PlantCARE
G-box,Y13108,CACGTG,CACCTAAGAGCTTCTCTCTCACAGCGCACACACATATGCATGCAATATTACACGTGATGCATGCAAATCTCCATTCTTCACCTATAAATTAGAGCCTCGGCTTCAC,106,PlantCARE
G-box,AJ005588,CACGTG,AGTCAACAAGATCACCTAAAACAAAACGCAACAAGTATATCCTAATATCCCACGTGTTATGTCGTAAAATGCATACAAGTTATGCCTCTGACACGGAACAGATATT,106,PlantCARE
G-box,AJ002974,CACGTG,ACTGTATCGTCGTCATCGCTTCTTTCGTGCTGTCATGAGAGGAATGCGTCCACGTGCGAACGTCTACAGAGTGACCAGCCCAACACGTGCTTCATTCAGACCTTGC,106,PlantCARE
JERE,Y10182,CTCTTAGACCGCCTTCTTTGAAAG,GCATAAGTATATTGGATAAGCCTATAAATATTACTCCACGTGGTACATCACTCTTAGACCGCCTTCTTTGAAAGTGATTTCCCTTGGACCTTGTTTGGTGAGTTTGTGGGCTTATTATATTCCT,124,PlantCARE
MSA-like,D86388,TCCAACGGT,CAATTGCCAATTCGGCAGTCACATTTACAACCGTCCGATCAGACTTTTAATCCAACGGTTCAGACTTGAACAAGAATAAGACCGTTGGGGGACAGAAGCGCCTCTTCTT,109,PlantCARE
MSA-like,D86388,TCAAACGGT,AATTTCTCAAAGTTAATAAGTTGCTCCCCAAAAAAAAGGTTAATAACACTTCAAACGGTAACTTTTGAACAGTTGCAACGGCTAAATAGAGGCAAAAGAAAGCGCAATT,109,PlantCARE
CAAT-box,X75806,AGCTCAATTTCA,TTATCACTCATATAGCCTCCAAAAATATCTCTTCATTTAATGTGCTTGACAGCTCAATTTCACGAACTTATCACACAGGAACCCCCTATAAATTCATCACTAATAATTCTCT,112,PlantCARE
G-box,D16255,CACGTG,AACAGGCTGATGTGCCAACCGGACAGATGGCTATTTGAAAGGGGGTTGGTCACGTGCTGCTTCTAGCTACCATACTTATTTATTTATCGCTTATAAATACATTTCC,106,PlantCARE
TATA-box,D16255,TATAAATA,GGGGTTGGTCACGTGCTGCTTCTAGCTACCATACTTATTTATTTATCGCTTATAAATACATTTCCGTAACTTACAAACATTTAACACAACCAAGCTTTCTAGTTTCTA,108,PlantCARE
Chs-CMA2a,D16255,TTACTTAA,CAAAATTTGGTAATATAGGTTAGTTTCGAGAGTTAAGCCATTGTTGTTACTTACTTAAATTGCAACTCAAAAAAATATACGTGAAGGAGAAAAAGACAAAATTACATC,108,PlantCARE
Chs-CMA2c,D16255,ATATACGTGAAGG,TTCGAGAGTTAAGCCATTGTTGTTACTTACTTAAATTGCAACTCAAAAAAATATACGTGAAGGAGAAAAAGACAAAATTACATCAATAGACAAATCAAGAAAACGTGTAATGT,113,PlantCARE
I-box,X79095,CCATATCCAAT,GTATAATAAATTAATATGTCGTTTTGCATTTGTAGTGTGATATGGTACACCCATATCCAATCCTGAACGCTTGGAGACGCTTTTGTGAGCTTTGTCTATGGCTAAAAACCT,111,PlantCARE
I-box,X54091,AAGATAAGGCT,GGATGAAATGAGATAAGATCACTGTGCTTCTTCCACGTGGCAGGTTGCCAAAGATAAGGCTTTACCATTCAAGAAAAGTTTCCACCCTCTTTGTGGTCATAATGGTTGTAA,111,PlantCARE
AT-rich sequence,U22971,ATAGAAATCAA,TTTAGTATTTTTACCAAGAATACACAAATAAATAGAATCTAATTCTTTTAATAGAAATCAATTATCCGATGCACACAATTGCTGCGATTAATTTCTCGAGTAGAATTTGAT,111,PlantCARE
AuxRE,X60033,TGTCTCAATAAG,CTCGTGTCTCCTCAATAAGCTACACAATTTGAAACATACACGCAATCCTTTGTCTCAATAAGTTCCACTCAGGTACTGTTTTCTCCCGCAACCATGACGTAATTCTGTAAAT,112,PlantCARE
G-box,M16889,TCCACGTGTCACT,ATCACACATTTTACGTTCTTCCAAGGAAGAGATAAGATAATGAAGCCTCCTCCACGTGTCACTTCCACATGGTACCTAACGATAAGGCTACCATTNAAAATTTTCCTCACTCG,113,PlantCARE
TATA-box,X16184,TATATA,AGCATGCATAGCATCTACGTACCTTAGCCTACCTACCAATATCAACTATCTATATATATCCACCTTTCCAAATCACTTTCCAACATCCACCCCCATCATCATATCA,106,PlantCARE
TATA-box,X16186,TATATA,TCTATTTATTTGAGAATCATTTTAACGTGTTTTTAATCAAATTTGTAAGGTATATATATAATCATTATAATGGGATAGTCAACAGTCAACATAGTCATGCAGTGTA,106,PlantCARE
TGA-box,X60033,TGACGTAA,ATCCTTTGTCTCAATAAGTTCCACTCAGGTACTGTTTTCTCCCGCAACCATGACGTAATTCTGTAAATCACATGTTTCATGCTCCCAATTATTTTCCGCTTCTATAAA,108,PlantCARE
ABRE,AJ224116,CACGTG,CTATTGCAGACTATCTGAGATAGCTACAACCTAACGACTTAAGGTGAGGACACGTGTATCTCCAAAACCCACTTCGTCACCCTTACCACCACGTCATCATACCACG,106,PlantCARE
G-box,Y00431,TGACACGTGGCTCT,TCTACCTCTCCTTTAGAAGATGAGATAAGATATTTTGAGCAATGTGCATTTGACACGTGGCTCTCCATTTCTGGTGGCTATATGATAAGGTCTTCAAATTGCAATTATATTATG,114,PlantCARE
HSE,U46545,CTCTGGAACCTTTCAGAAATATC,TGGCATAACACGTATATCAAAAGCCCACCTCACTATGCCTCTTTTCAAACCTCTGGAACCTTTCAGAAATATCCATATCCATTTCTTCAAGCTTCAAGACAATCCTAGAAATTACTCACTCTC,123,PlantCARE
HSE,Z95153,GATAAGTACAGAATATTTCAGAA,AGTTCCACATAATAATCCGTAGAAAAAAAAGCTTATTCTCTATCTGTCCAGATAAGTACAGAATATTTCAGAACACTACTACGTTGGCAATATCCAACAGAAGCCACCTCAACACTTCCCTCC,123,PlantCARE
I-box,Y00431,ATGATAAGGTC,ATTTTGAGCAATGTGCATTTGACACGTGGCTCTCCATTTCTGGTGGCTATATGATAAGGTCTTCAAATTGCAATTATATTATGTGGACACTATGCATGAAATTCCAAGAGC,111,PlantCARE
RY-element,AJ224116,CATGCATG,CAAAACCCACTTCGTCACCCTTACCACCACGTCATCATACCACGTGCCAACATGCATGCTAGTATCTTCTCTACTATACACATACTTATGTACTATATATATTCACCA,108,PlantCARE
TATA-box,AJ224116,TATACA,CACCACGTCATCATACCACGTGCCAACATGCATGCTAGTATCTTCTCTACTATACACATACTTATGTACTATATATATTCACCAAAATTACATGCATGTTAGCACC,106,PlantCARE
TATA-box,Z95153,TATAAA,TGGCATTAGTGCTCGCCCCCGCCGCAACGCGGGGTGTTTAATAATAGTTATATAAAAAATAAAACATTTATAAACGATATATACTAAGAGTTCCACATAATAATCC,106,PlantCARE
ABRE,L19119,CGCACGTGTC,TGACGGGAGCCACGCCGGCCCGCGTAGGCACGAGCCCCTCCCCGCACCCTCGCACGTGTCGGCGTGCCGCCACGCGGAGCACTACTGCCTAGCAGCCAGGACAGCAAGTC,110,PlantCARE
ABRE,X78205,CGTACGTGCA,CCTAGCTAGTTTAACCAGCCAGAGAGCCGCATCCAACTTGTGCTCGCCGGCGTACGTGCACACGCGCCACCCCTTTACACTTGTTTATTATTGCAGCTTCTTCGCCCCTT,110,PlantCARE
ABRE,X78205,GCAACGTGTC,GCGGCAACGCGTGTCCTCCCTACGTGGCGGCCATGTACGAGCACCGCCGCGCAACGTGTCCCGGCGACTCTCCCGTCCGTCCCGCCTATAAAGGCCACCCGCGCCAATCT,110,PlantCARE
Box I,X58339,GTCAATGGACCTAACCC,CGCTCGCGCCCCCATCTCCCCACCCCGCAGTCGTGGCCATCCATCCTCCCGTCAATGGACCTAACCCGCTCCTCCCAACGGCCAGCTTTCGCTTCCTTACCCACCTTTCCCGCCTAT,117,PlantCARE
C-box,X78205,ACGAGCACCGCC,GGTACGGCGGGGGAGCGGCAACGCGTGTCCTCCCTACGTGGCGGCCATGTACGAGCACCGCCGCGCAACGTGTCCCGGCGACTCTCCCGTCCGTCCCGCCTATAAAGGCCAC,112,PlantCARE
CCAAT-box,X58339,CAACGG,CGCAGTCGTGGCCATCCATCCTCCCGTCAATGGACCTAACCCGCTCCTCCCAACGGCCAGCTTTCGCTTCCTTACCCACCTTTCCCGCCTATATATCCCGTCCTCA,106,PlantCARE
CGTCA-motif,U83904,CGTCA,TGGAAGGAACACCTCCGCAATCTTTTGTCTGTCCCATGTGGCTGAAGTGGCGTCAATGAAATCAGATGCTCTGAATGGTGGGTTTTGCACTCTACTTCCGCATGG,105,PlantCARE
G-box,U83904,CACGTG,GGCCTTGAAGAACAGAAGGTTGTCATCTGCGAATAACAAGTGGTTAACTGCACGTGCCGAGGCAGCTACGCGTAAACCACTGAGATTGGATGACTCATTTTGGGAT,106,PlantCARE
GTGGC-motif,M55449,CAGCGTGTGGC,ACCGTCGACGCCGTTGTGTAGAGACGATGGAGCCAATCCTCAGCGTGTGGCTCCTGGGAGATGCCCAACCCTATCCACACAATTAACATCTCATCATCCAC,101,PlantCARE
LTR,U63993,CCGAAA,TTCGCTGGAGACACACCTCCACACGTGCATCAACTATGCTAGCCGCATCGCCGAAACGGAGGCTAGACATAGAGACCTTTATTCTATCTTCAGTAAGCCGTTGTCG,106,PlantCARE
Prolamin-box,M36941,TGTAGTGTAAAGTAAAA,TAGAGCATCACAAACTAAATTCCAAAAAGAGGCAAGACCTAGATTATGTGTGTAGTGTAAAGTAAAAAAAATGACTCATCATTCATTATGGATCATGACTTACAACCAGATGATATT,117,PlantCARE
Prolamin-box,X87232,TGACATGTAAAGTGAAT,CTATACAAGGTTCCAAAATCATGCAAAAGTGATGCTAGGTTGATAATGTGTGACATGTAAAGTGAATAAGGTGAGTCATGCATACCAAACCTCGGGATTTCTATACTTTGTGTATGA,117,PlantCARE
TATA-box,U83904,TATAAA,CGATCCATCTCTCCAAAGCCGAGCGCCACACCACCGGACCCGGACCGGCCTATAAATTGCCCGGACCGAGCTGCAAGCAGCTCCTCACACACACTCACGCAACACA,106,PlantCARE
TGACG-motif,U83904,TGACG,GAGCTCTGACGTCTTCAGTGGGAAGTGAGACCTTTGACAGCCGCCACAAGAACATGCGTAT,61,PlantCARE
Chs-CMA2b,X58339,GAACCTACACAC,TAGAATTAAAGATTAGGTGAGTTGTACATACAATGGGCTGAGCAATTCCGGAACCTACACACACGAGCACGTGCAACTAGGAAGGCCCAAGGCAAGCAACCCCAACTAACTC,112,PlantCARE
Chs-unit 1,X58339,AGTCGTGGCCATCCATCCTCCCGTCAATGGACCTAACCCGC,GGTAATGGTAAGGTAGACGTGTCGCTCGCGCCCCCATCTCCCCACCCCGCAGTCGTGGCCATCCATCCTCCCGTCAATGGACCTAACCCGCTCCTCCCAACGGCCAGCTTTCGCTTCCTTACCCACCTTTCCCGCCTATAT,141,PlantCARE
Chs-unit 1 m1,X58339,ACCTAACCCGC,CCCCCATCTCCCCACCCCGCAGTCGTGGCCATCCATCCTCCCGTCAATGGACCTAACCCGCTCCTCCCAACGGCCAGCTTTCGCTTCCTTACCCACCTTTCCCGCCTATAT,111,PlantCARE
5UTR Py-rich stretch,U68072,TTTCTCTCCTCTTTTTCCTC,CTTCTTTTAACAATTATACTTGTCAATCATCAATCCCACAAACAACACTTTTTCTCTCCTCTTTTTCCTCACCGGCGGCAGACTTACCGGTGAAAAAATGGACGTTCGCCGGAGATCTGA,120,PlantCARE
CAAT-box,L41253,ATTGG,TTTGTTAGGACTTGCCCTTTAGCAAACACTTTGATATTGATGAGATCAAAATTGGCATACTGATGATATTGATGACAGTGACAATCTTGATACTAATGACGATAT,105,PlantCARE
E4-ERE,S44898,CACAAGTTTGTTTTTGTTTTTACTACCAACAA,ATTTTTTTAAAAAGAAAAACCTGTAAGAAATTTAGGCAAACAAAACCTAACACAAGTTTGTTTTTGTTTTTACTACCAACAAGAAATTCAAATGGCAAATGTATAACGCATCTTAGCTAATTATATGACCAG,132,PlantCARE
F-box,S44160,CTATTCTCATT,ATTAACCAACCATTTTCACTCATCCTTACCCCTTTTAGGATGAGATAAGACTATTCTCATTCTGACACGTGGCACCCTTTCTTGTGACTTAATTAATATATCAATTATTAT,111,PlantCARE
G-box,X05984,TGACACGTGGCA,TTTCACTCATTCCTTACCCCTTTTAGGATGAGATAAGACTATTCTCATTCTGACACGTGGCACCCTTTCTTGTGGCTTAATTAATATATCTAATTATTATTATAGCTCACCC,112,PlantCARE
HMG-TATA-region,U68071,CTATAAATACATTTC,TGTCCCCAAATTGTAGCGCGCCAACCGCTTTTCACTCTATAAATACATTTCTTCTACTTTCGCTTCTCCACACAAACCATCACTGCTTAATACACATTTGA,101,PlantCARE
HMG-TATA-region,U68073,CTATAAATGCATTTC,TAAAAGTCAAGAACTCCAGCCGATGTTTTTTTGGGCTATAAATGCATTTCCGATACAACAGCTTCAACACTCACAATACTTCCTCACATTTCTCCATTTC,100,PlantCARE
HSE,L41253,CTAGAAACTTCTCGAG,AAAAAAATTATCACCAAAACTCACCGTTTTAGTATCCAATCCACACTTACCTAGAAACTTCTCGAGACTCATTTCAACTATTTATACTCTTTCTCATTTTTTCCATTTTCATTCAC,116,PlantCARE
I-box,X66069,GGATGAGATAAGATT,TCAAAACCAACCTCAATCATACATTCATATCCTCTTCCTACCCCCATCTTGGATGAGATAAGATTAACGAGGTGCTTACACGTGTCACCTCTATTGTGGTGACTTAAAAAAAATT,115,PlantCARE
TATA-box,S44898,TATATAAAG,ATATGACCAGATTCAGATTAATATACATCTTCACCCATGCAATCCATTTCTATATAAAGAAACATACACGAACTTGATATTATTAGAGATTGAGCAATGGAGGGTAACA,109,PlantCARE
Y-box,S45166,TGTGGAGGAGCA,TTCGAGAGAAGGCCTGTCGATAAGGATGTAATCCATGGGGCGACGCAGTGTGTGGAGGAGCAGGCTCAGTCTCCTTCTCGTGAGGGATCGAACGATGGCAGCCGTAGAATGC,112,PlantCARE
RbcS-CMA7c,S45166,ACGCAGTGTGTGGAGGAGCA,TTCCGTTTTTCGAGAGAAGGCCTGTCGATAAGGATGTAATCCATGGGGCGACGCAGTGTGTGGAGGAGCAGGCTCAGTCTCCTTCTCGTGAGGGATCGAACGATGGCAGCCGTAGAATGC,120,PlantCARE
I-box,X16039,GTATAAGGCC,CAAATATATCGTTAATTACGACTAACAAAATGAAAGTACAAGACCTTCTCGTATAAGGCCACCATTGGTAGACACGTAGTATGCTAAATATGCACCACACACACTATCAG,110,PlantCARE
CAAT-box,AB112028,CAAT,TGGCTTCAGATTCAGCCACTTCTCTGTTCTTGACACTATTCCTTATTACACAATGTTTATCAGTCCTTACTGCTGCTCAAGATTTCGACTTTTTCTACTTTGTT,104,PlantCARE
ERE,AB112028,ATTTTAAA,ATTTATATTTGGGTTCAAGCTTTAGGTATTTAGCGTTAAAATATTGTCTTTTTAAAATTATGTGATAAGAATCTAATATTTATTAAAATTTTTAGTAACTTTATGCTA,108,PlantCARE
WUN-motif,AB112028,ACATTACGG,ACAGAAGGGAGCTTTAGCGTAATTGATAAAGTTATTGTTATATGACCGGGACATTACGGGATCGAGCTGGGTAAATAGCCTCTTGCAGAAAYGCAAGGTAAGGCTGCGT,109,PlantCARE
G-box,X12512,CAGACGTGGCA,TAACTCTTATGCTAAAGACAAGTGGATATTATATTGCAATAATCCACAATCAGACGTGGCAAATTTGGATTGGCTATAAGAGAGCAAATCTTCATTAGGTAAGTTTTTTAA,111,PlantCARE
AuxRR-core,D85911,GGTCCAT,TTCAAGGGTTTAATAAACTTAAAAACAAAATTAACTTTGTAAACACTCCAATGGACCACAGCACCACTCATATATAAAAAAGTCGAAAATAAAGGCATCCAAATTCT,107,PlantCARE
CAAT-box,AB109388,CCAAT,CATTAGGATTATTCCACCCAGGTTTACTAGTATTGGTACCATTCTTATTCCCAATGCCAAGAATCTGTTGCCAATCACCTTGAGTCCTTACTCCTTCACCATAAC,105,PlantCARE
CCGTCC motif,Y14195,CCGTCC,GATCCGCAACTCGCACTTCTTTCAAATTAATCAAAACAGCTAATTAAACACCGTCCTCATTCAAATCCAACGCCCACGATCACCTCCCTATATTCCACGTCATCGA,106,PlantCARE
E2F,AJ276622,AGTGGCGGNNNNNTTTGAA,CATGTAATAATTTGCGTAGAAAGGAAAAGTAAATATTGAAATATCTAAATAGTGGCGGCAAAATTTGAAACTCAAAAATTTGTGGTCCATTAGTCTCTTCAGCCAGTTGGATTATATTC,119,PlantCARE
E2Fb,AJ276622,TTTGCCGC,TAATAATTTGCGTAGAAAGGAAAAGTAAATATTGAAATATCTAAATAGTGGCGGCAAAATTTGAAACTCAAAAATTTGTGGTCCATTAGTCTCTTCAGCCAGTTGGAT,108,PlantCARE
G-box,L02124,CACGTG,AGATTTAGACATTCCATAATTATTTTCTACCGACAATATAACATAGACAACACGTGGATAATTTTCGTTTTTCTCTTGAAAACACATCTCTTAATCAAAAATTTAC,106,PlantCARE
Myb-binding site,Y10862,CAACAG,GATTAATGGAAATGTTGTAGAAAGACCACAACATATGTTGATGAGAGTTTCTGTTGGAATCCACAAGGATGATATCGAATCTGCCATCAAGACTTATCATTTGATG,106,PlantCARE
NON,Y14195,CAACGGCCACG,CTCCCTATATTCCACGTCATCGATCCGCGACACTTAAAGTTCCAACAGATCAACGGCCACGATTTACTCCTCCCTCCCGCTCAAAATTCAATCCCCCTCTTATAAATTCTC,111,PlantCARE
SARE,X69794,TTCGACCATCTT,TCTCGCATGCCGTATAGTATAGGGGCAGCTTCGACCTCCTTCTCCGAATATTCGACCATCTTTTTCTCGTAAAATCAAACGTCTCCATCACTGTACTAGATTTGAACTTTCT,112,PlantCARE
TATA-box,D85911,TCTATAAATAGG,ACCACAGCACCACTCATATATAAAAAAGTCGAAAATAAAGGCATCCAAATTCTATAAATAGGACGTGTGTTACTAGCAATCAGTATTATCAATTCTGAAATTTCTTATTCTT,112,PlantCARE
TATA-box,Y14195,TATAAA,CAACGGCCACGATTTACTCCTCCCTCCCGCTCAAAATTCAATCCCCCTCTTATAAATTCTCTCCCTCTACCCCTCCTTTTCCACACTCAAATCTGTAATTCAAAAT,106,PlantCARE
TATA-box,Y10862,TATA,CAAATTAACGAGGGAAATTCAATACAAAATTCAAAAGTTGCTTGTTATGCTATATATACACACACACCTCACTGAAATCGAAGCAATCCATTCCATCTGACAAC,104,PlantCARE
TC-rich repeats,L02124,ATTCTCTAAC,GTCGTCCACTGCCCAATCTTAGAGCTATTATTAAATGCACAAAATTGAAAATTCTCTAACTAACTTGAAAAGAAAGCTACAAATAATTTTCTTCACTCGTTTTCTTACAA,110,PlantCARE
TC-rich repeats,L02124,GTTTTCTTAC,AAATTCTCTAACTAACTTGAAAAGAAAGCTACAAATAATTTTCTTCACTCGTTTTCTTACAATTTAATAGTGACTGGCGGCTAATATTTGGCCTTTGTCTCCCTATTTTC,110,PlantCARE
TCA-element,X69794,CCATCTTTTT,CATGCCGTATAGTATAGGGGCAGCTTCGACCTCCTTCTCCGAATATTCGACCATCTTTTTCTCGTAAAATCAAACGTCTCCATCACTGTACTAGATTTGAACTTTCTACA,110,PlantCARE
As-1-box,D85911,TGACGAATGCGATGACC,AACACAAGAATATGGGCCCCCTATTGTTTGAAACTCTACTATAGACCACGTGACGAATGCGATGACCTCTAGGTAGGCCATTCAGAAAAATCTCGAAGATTACCGATTTCAAGGGTT,117,PlantCARE
A-box,X52240,AATAACAAACTCC,TGAGTGCTCCATCTCTCAAGGCCATTAAATTGCCTATGGGCTCACCGGCCAATAACAAACTCCTACTGACCAGTGTTATCCATCCAATCCAGTGTCCCAAAGCAACATTCAAG,113,PlantCARE
AACA-motif,X54314,TAACAAACTCCA,ATGACAAGGCAAAGATACATACATATTAAGAGTATGGACAGACATTTCTTTAACAAACTCCATTTGTATTACTCCAAAAGCACCAGAAGTTTGTCATGGCTGAGTCATGAAA,112,PlantCARE
ABRE,U22102,TACGTGTC,GCAGCGAACCAGAGCGCGCCGCGCACGGGCGGAGGCATAGCTTGCGCACGTACGTGTCGCGCTCCGGCGGCCTCGCCACGACGCGTGTCGCGGAGGCGCGCGCGCGCA,108,PlantCARE
ABRE,X52422,GCCGCGTGGC,ACAAAGTGTCCAGAAGAACCCAACGGAAACACAGTACGTGGCAGCAGGTTGCCGCGTGGCACCACCGACACGGCGCGCTACGTACACGTCCCTCCTCCGCTTTTATTCCC,110,PlantCARE
ABRE,X63126,GACACGTACGT,CGCGTGTCGCGGAGGCGCGCGCGCGCACCGAGCCGTCCGCGTCGCCGCGCGACACGTACGTTGCCGGCGCCCTGATCCCGCCGCGGAGTCGCCGCCTATAAGAAGGACAGC,111,PlantCARE
Box II -like sequence,X52153,TCCGTGTACCA,AACAATACAAATGATGTGTCAATTACACATCCATCATTATCCATCCACCTTCCGTGTACCACACCATATATCATGAGTCACTTCATGTCTGGACATTAACAAACTCTATCT,111,PlantCARE
CAAT-box,D45890,CCAAT,CGTGCCAGAGCCATATAACTTATTAGTACCATAAAAAAACAAATATAGAACCAATATGACATATTCTAATACTACGAATTTAGACATATGTATGTCTAGATTCAT,105,PlantCARE
CARE,AB004819,CAACTCAC,AAACCGATCGATCCGTATTTGAATCTGGCCAGAATCTTCGACGCCATTGGCAACTCACGTAGCCCGCCGCTAACGTAGCAGCCGTCCATCCCAACTCCCTAGCTGAAT,108,PlantCARE
CARE,AB004819,CAACTCCC,CGCCATTGGCAACTCACGTAGCCCGCCGCTAACGTAGCAGCCGTCCATCCCAACTCCCTAGCTGAATCTGACACCATCGCACGCATCTTTCTGTTACCCCCATTTAAA,108,PlantCARE
Footprint A,X13909,AACCAATCTCATCCATCC,TTTTCGTCAATTAGCAGCACAGCACAGTACTCTCCAATCTGCTAAACCAAAACCAATCTCATCCATCCATACCCTTCTTGACACCAAGTGGCAACTCCTGATTGGACGCGCCTATCCT,118,PlantCARE
G-box,M59351,TACGTG,CGCATCCCGTCGCCTTGGAGACCGGGCCCCGACGCGGCCGACGCGGCGCCTACGTGGCCATGCTTTATTGCCTTATCCATATCCACGCCATTTATTGTGGTCGTCT,106,PlantCARE
GATT-motif,X13909,CTCCTGATTGGA,AACCAAAACCAATCTCATCCATCCATACCCTTCTTGACACCAAGTGGCAACTCCTGATTGGACGCGCCTATCCTACATGGCACCCCAAGATTCTCTCGATAGGCTACAGGGG,112,PlantCARE
GC-motif,X63126,CGCCGCGCA,TGCGTATGCATAGGCACGCGCGCGCACGCGCGATGCAGCGAACCAGAGCGCGCCGCGCACGGGCGGAGGCATAGCTTGCGCACGTACGTGTCGCGCTCCGGCGGCCTCG,109,PlantCARE
GC-motif,X63126,CGGCGCCCT,GCGCGCGCGCGCACCGAGCCGTCCGCGTCGCCGCGCGACACGTACGTTGCCGGCGCCCTGATCCCGCCGCGGAGTCGCCGCCTATAAGAAGGACAGCGCGGCCGCGTCG,109,PlantCARE
GC-motif,X63126,AGCGCGCCG,TATATGCGTATGCATAGGCACGCGCGCGCACGCGCGATGCAGCGAACCAGAGCGCGCCGCGCACGGGCGGAGGCATAGCTTGCGCACGTACGTGTCGCGCTCCGGCGGC,109,PlantCARE
GC-repeat,X63126,GGCCTCGCCACG,CCGCGCACGGGCGGAGGCATAGCTTGCGCACGTACGTGTCGCGCTCCGGCGGCCTCGCCACGACGCGTGTCGCGGAGGCGCGCGCGCGCACCGAGCCGTCCGCGTCGCCGCG,112,PlantCARE
GCN4-motif,X52153,TGAGTCA,TACACATCCATCATTATCCATCCACCTTCCGTGTACCACACCATATATCATGAGTCACTTCATGTCTGGACATTAACAAACTCTATCTTAACATTCAAATGCATGAG,107,PlantCARE
GCN4-motif,X54314,TGAGTCA,TAACAAACTCCATTTGTATTACTCCAAAAGCACCAGAAGTTTGTCATGGCTGAGTCATGAAATGTATAGTTCAATCTTGCAAAGTTGCCTTTCCTTTTGTACTGTGT,107,PlantCARE
GTCA direct repeat,X52153,TAAGTCATAACTGATGA,TAGTCATCTAGGTAAGTATCTTAAGCTAAAGTGTTAGAACTTCCCATACATAAGTCATAACTGATGACAATTGGGTGTAACACATGACAAACCAGAGAGTCAAGCAAGATAAAGCAA,117,PlantCARE
P-box,X54314,CCTTTTG,GTCATGGCTGAGTCATGAAATGTATAGTTCAATCTTGCAAAGTTGCCTTTCCTTTTGTACTGTGTTTTAACACTACAAGCCATATATTGTCTGTACGTGCAACAAAC,107,PlantCARE
RY-element,X63126,CATGCATG,CATGGGCTTCCCCCCGACCAGGTGGTGCGTGCGAGCCTACCACATGTCCACATGCATGCACGGTGATCGACATCCCGATCGACGTGTCGACAGTGCAGCCACCCCGCC,108,PlantCARE
Sp1,X63126,GGGCGG,TAGGCACGCGCGCGCACGCGCGATGCAGCGAACCAGAGCGCGCCGCGCACGGGCGGAGGCATAGCTTGCGCACGTACGTGTCGCGCTCCGGCGGCCTCGCCACGAC,106,PlantCARE
TATA-box,A23333,TACAAAA,CGCTTGCACCGTGACTCACCTGCCACATTGCCCCCGCCGTCGCCGGCGCCTACAAAAGCCACACACGCACGCCGGCCACGATAACCCATCCTAGCATCCCGGTGTCC,107,PlantCARE
TATA-box,X54314,TATAAA,CGTGCAACAAACTATATCACCATGTATCCCAAGATGCTTTTTTATTGCTATATAAACTAGCTTGGTCTGTCTTTGAACTCACATCAATTAGCTTAAGTTTCCATAA,106,PlantCARE
TATA-box,A23332,TACATAAA,TTCGCGCCGTCGACCGGCTCCCCTCCTCCCCCGCGCGCATCGGATCCCCCTACATAAACCCTCTCGCTCGCCATCGCCATGGCAGCAACTCCCCTCCTCCACTAGACC,108,PlantCARE
TATC-box,X54314,TATCCCA,ACACTACAAGCCATATATTGTCTGTACGTGCAACAAACTATATCACCATGTATCCCAAGATGCTTTTTTATTGCTATATAAACTAGCTTGGTCTGTCTTTGAACTCA,107,PlantCARE
TGGCA,X13909,GACACCAAGTGGCA,CTCTCCAATCTGCTAAACCAAAACCAATCTCATCCATCCATACCCTTCTTGACACCAAGTGGCAACTCCTGATTGGACGCGCCTATCCTACATGGCACCCCAAGATTCTCTCGA,114,PlantCARE
Plant AP-2-like,X63126,CGACCAGG,GGAAACATCTGGTCGCCGGTCCACGATCGGTCTACGCATGGGCTTCCCCCCGACCAGGTGGTGCGTGCGAGCCTACCACATGTCCACATGCATGCACGGTGATCGACA,108,PlantCARE
re2f-1,X54046,GCGGGAAA,CCGTACTCCACCATGGTCCCACATGTCAGCTGAATCTTCCACTGCAAGAAGCGGGAAACATTTCGGGTGGAGGCGGGTTTCCCCCCAATTTCTCCCTCCATTTTTTTT,108,PlantCARE
4cl-CMA1b,X05350,ATTCCGATAAACT,CAACCCCACTCATAATTTAATTCCCCATTTTACCCCTAACCAAACCTCATATTCCGATAAACTCCCCCTTTACCAACCCCCATCCCCTTACCAAACCCTCCACATTTATATGT,113,PlantCARE
4cl-CMA1c,X05351,CTTTACCAACCCCC,TAATTCCCCATTTTACCCCTAACCAAACCTCATATTCCGATAAACTCCCCCTTTACCAACCCCCATCCCCTTACCAAACCCACCACATTTATATGTTGAATTGTTCATCATCTA,114,PlantCARE
4cl-CMA2b,X05350,TCTCACCAACCCCA,GCTTCATCTTAGTCAACTTTTTCCCTTCATCACCTAACACACAATATTTTTCTCACCAACCCCACTCATAATTTAATTCCCCATTTTACCCCTAACCAAACCTCATATTCCGAT,114,PlantCARE
A-box,X05350,CCGTCC,ATGTCAGATTTTCAAAATAAATAAAATCCGAAATGAATTTAAAGAAAATGCCGTCCTATATATTTGTGAGTTGGTAAATCTCGCCATCACATGCTGCTTCATCTTA,106,PlantCARE
A-box,X15473,CCGTCC,GAGTAAAAAACTCCTGTTCAAACCCTTGTCCACCTCAACGCAGATCTCCACCGTCCATTAAAACAAAAACAAGTAAATCCAACGGTTGAGATTAATCTCCAACAAA,106,PlantCARE
A-box,L37355,CCGTCC,GGATCCCGGGAATTCTCGATCTCCACCGTCCATTAAAACAAAAACAAGTAAATCCAACGGTTGAGATTAATCTCCAACAAA,81,PlantCARE
ACE,U46217,CTAACGTATT,CTCGAGGAAGATGCTCCATGATTTTAGGAAGATGATGGATGATTTTACTAACGTATTTGTTGCAAATATCTATTGAAGACTCCTTCTAGGATTACACTTTAGAAGGC,107,PlantCARE
ACE,U46217,GCGACGTACC,ACTCCGCTCAATTTTCCGTCGAAAAACCACAATCACATATCTTGATTCCGGCGACGTACCTCAAATTTTGTTGTTACCAAATTTTTTCGTCAACAGATAACCTCTAAAAA,110,PlantCARE
ACE,U46217,GACACGTATG,GCTACAATAGGAACCCTATTGTGCACGACGCGTAGACCGACTCATCTCTCGACACGTATGCATCTCTTTACTTATAATTCGGACAGCGCGAATCCCTATGCGCCAGCTCA,110,PlantCARE
Box 4,X15473,ATTAAT,CAGATCTCCACCGTCCATTAAAACAAAAACAAGTAAATCCAACGGTTGAGATTAATCTCCAACAAACCCCTTCTATTGGCCGTCCGTCACTCAACCCACCCCCAAC,106,PlantCARE
Box-W2,U48862,TTCAGCCATCAAAGTTGACC,ACCTCATCCGAAAAAGGCCGGACAGGTAAGCAAATGAATGATTAAAATTATTCAGCCATCAAAGTTGACCAATAATACCCTTCCCAAATTCTAAAGAAATTCTGTTCAAACTTTTTGTCA,120,PlantCARE
FP56,X05350,TCCCCATTTTACCCCT,CATCACCTAACACACAATATTTTTCTCACCAACCCCACTCATAATTTAATTCCCCATTTTACCCCTAACCAAACCTCATATTCCGATAAACTCCCCCTTTACCAACCCCCATCCCC,116,PlantCARE
L-box,L37356,ATCCCACCTAC,ACTCAACCCACCACCCTATTGAAAAAATAAATAAAAAAATAATCATCATAATCCCACCTACCCAAAACTCTATACATGTTTTCATACACTAGTACTATCTACCCCCTCTCT,111,PlantCARE
P-box,L37356,TTCCAACAAACCCC,AACCCTTGATTAACACCCTTAAACAGGTAAGATCAACAGTTGCGATCAACTTCCAACAAACCCCTCCTTATGGCCGTCCCTCACTCAACCCACCACCCTATTGAAAAAATAAAT,114,PlantCARE
P-box,X15473,CAACAAACCCCTT,ACCGTCCATTAAAACAAAAACAAGTAAATCCAACGGTTGAGATTAATCTCCAACAAACCCCTTCTATTGGCCGTCCGTCACTCAACCCACCCCCAACCTATTTTCAAAGAAAT,113,PlantCARE
TATA-box,L37357,TATAAA,GCACACTCCTTCTCAAGTCCTCGTAGTCTTACCAACTAGCAACTCCACTATATAAACCAAGCGCATTCCCTATCATTAATCAGGAAATTGGTTAGTATTCTTCGAT,106,PlantCARE
TATA-box,U48862,TATAAAT,GTTTAACAGCAGTAGTTGTTCATTACAATCAAATTTGTTCTACACTTTATTATAAATCCATCTCTTTTGATCTCTAAGTACACAAACCTGTATATTAATTATAACTA,107,PlantCARE
TATA-box,X15473,TATAAA,CGTAATATTGAAAGGACATCTATAAATATTCCACTCATTCTCACCAACTCAAACAAATTCAGTGCAACGAATATGA,76,PlantCARE
TATA-box,L37356,TATAAA,GGCGACTATAGTTTTAGGGTTTTTGGGAGAGAGAGAAACGTATCATACCGTATAAAACAATGACTGCCAAAATTCTAATCATTGTTAAGGCTCTTTTTGGGATTGC,106,PlantCARE
CAAT-box,X14597,TGCCAAC,ATGAGAATTTATGAAAGAATACAATAACAGAAAAGATGAAAAATATCGTGTGCCAACTGGGCTTAAAAAAGTTGCTCAAACACGTGAACACTAGCTACCAGTTATGA,107,PlantCARE
MBSI,X14597,TTTTTACGGTTA,GGAGAAAAAGATTGACCAAAAGTATAACGTAAAGAAATGGACCAAAAGCATAACCGTAAAAAGATTGACCAAAACGTTTGACTTTGTGAAGTAGGTAGCGCAAGAAATCTCC,112,PlantCARE
3-AF3 binding site,M21356,CACTATCTAAC,CAAAATTTCAAATCTTGTGTGGTTAATATGGCTGCAAACTTTATCATTTTCACTATCTAACAAGATTGGTACTAGGCAGTAGCTAAGTACCACAATATTAAGACCATAATA,111,PlantCARE
ACA-motif,X52148,AATTACAGCCATT,GTGAGATATCATGATGATTGAAGTTACTAGAAACACAAAAGCAAAGCATGAATTACAGCCATTCATGAATGATATTGCTATCCAAATCTAATCCTTACTTGTTTGGGCTCATG,113,PlantCARE
AT-rich sequence,D10661,TAAAATACT,TCTTCAAAGACCAATTCAAATTAAAACGGTCACATATATAATATTGTCAATAAAATACTATCCATTCGTTAATAGTAAAATACTTAAAGCAGGTGTTGTAAGTCGTGCT,109,PlantCARE
ATC-motif,X52148,TGCTATCCA,ACTAGAAACACAAAAGCAAAGCATGAATTACAGCCATTCATGAATGATATTGCTATCCAAATCTAATCCTTACTTGTTTGGGCTCATGAGTCACAACCACACATCCACG,109,PlantCARE
ATCT-motif,X52148,AATCTAATCC,ACAAAAGCAAAGCATGAATTACAGCCATTCATGAATGATATTGCTATCCAAATCTAATCCTTACTTGTTTGGGCTCATGAGTCACAACCACACATCCACGTTGCCACATC,110,PlantCARE
Box II,M21356,TGTGTGGTTAATATG,CTGTCCTATTGGTGGCTTATGATAAGGCTAGCACACAAAATTTCAAATCTTGTGTGGTTAATATGGCTGCAAACTTTATCATTTTCACTATCTAACAAGATTGGTACTAGGCAGT,115,PlantCARE
Box III,M21356,ATCATTTTCACT,CTAGCACACAAAATTTCAAATCTTGTGTGGTTAATATGGCTGCAAACTTTATCATTTTCACTATCTAACAAGATTGGTACTAGGCAGTAGCTAAGTACCACAATATTAAGAC,112,PlantCARE
CAAT-box,D10661,CAAAT,GATTTTGGTGTGTCTCTATGTTGATGACATATTGCTAACAGGGAGTTGTTCAAATGAGATAGCTAAGTTCAAAAAGATGTTGGTGAATGAGTTTGAGATGATTGA,105,PlantCARE
G-box,AF060237,CACGTG,AAGTTGAATATATAATTAGTATGATGTTTTATTGAAAGGTTTTAGTAAACCACGTGATGTTCAGCTACCTTCTAATATCCTTACTATAAAACCATCTCACCCTCAC,106,PlantCARE
G-box,D88260,CACGTG,TACGTACCCACTTCATTCGCATGATGTTTTATTGAAAGGTTTTAGTAAAACACGTGATGTTCAGCTACCTTCCAATATCCTTACTATAAAACCATCTCACCCTCAC,106,PlantCARE
G-box,D88262,CACGTT,AAGTTGAATATATAATTAGTATGATGTTTTATTGAAAGGTTTTAGTAAACCACGTTATGTTCAGCTACCTTCCAATATTCTTCCTATAAAACCATCTCACCCTCAC,106,PlantCARE
LAMP element,S66544,CTTTATCA,AATCACATATTCTTCCACACATCTTAGCCACACAAAAACCCAATCCACATCTTTATCATCCATTCTATAAAATCACCTTCTGTGTGTCTCTCTTTCGATTCCCTTCAA,108,PlantCARE
Pc-CMA2a,S66544,CAGCCAATCACAG,TATTATTTACTAAAAAAAATCTAAGCCACGTCGGAGGATAACATCCAACCCAGCCAATCACAGCAATGTTCATCAGATAACCCACTTTAAGCCCACGCACTCTGTGGCACATC,113,PlantCARE
Pc-CMA2c,S66544,GCCCACGCA,ACATCCAACCCAGCCAATCACAGCAATGTTCATCAGATAACCCACTTTAAGCCCACGCACTCTGTGGCACATCTACATTATCTAAATCACATATTCTTCCACACATCTT,109,PlantCARE
TATA-box,AF060237,TATAAAA,TTTCCCAAAGTTAAGTGGACAAATAGAACAAAATAGTGGTCAAATTTGGTTATAAAATAATTGTTAAGACAAAGGATTAGACTAAAGAGGGTATTCAAAGTCATTCG,107,PlantCARE
TATA-box,D88260,TATAAAA,TTTGCTAAAGTTAAGTGGACAAATAAAACAAAATAGTGGTCAAATTTTGTTATAAAATAATTGTTAAGACAAAGGATTAGACTAAAGAGGGTATTCAAAGTCATTCT,107,PlantCARE
TATA-box,D88262,TATAAAA,TTTCCTAAAGTTAAGTGGACAAATAAAACAAAATAGTGGTCAAATTTGGTTATAAAATAATTGTTAAGACAAAGGATTAGACTAAAGAGGGTATTCAAAGTCATGCG,107,PlantCARE
TATA-box,X05979,TATATAT,CAAAATTTATATTTACATACGAGAAAATATACCGTTGATTCAAATATTTGTATATATGAAAAAACCATATTTATGTTCAAAATATAACTAAAATATGTTTTTATTTT,107,PlantCARE
TCA,AF175275,TCATCTTCAT,ATTAATTTTAAAAACATAATTAATCATTTTAAAATAGAATGTAAAATATTTCATCTTCATTAATCATTATAAAAAGAAAAGAAAAAAGATACATGAATGACAAGCAAGAC,110,PlantCARE
Unnamed_1,AB007911,GGATTTTACAGT,GATAAATTTATTACTAAAACTATTTTCTAGTACTTGTTAATCATGTCTGAGGATTTTACAGTAATAAAGAAACGAGGTAGCCCAAACAAAAGTGATAATTGTGGAGGGTGTG,112,PlantCARE
WRE3,AF175275,CCACCT,GATACATGAATGACAAGCAAGACACACCAAAACCACAAACTCAACCTAACCCACCTAACCAACCAAAAGCTCTCTATAAAAACCCAACAACCACTACCAACATTTC,106,PlantCARE
AC-II,AF041051,TCACCAACCCCC,TTTTCCCTATACTACCCCCCCAACAACTCCATAATACCCAATTTGTCCTTTCACCAACCCCCGTCCTCCGTGCCAGCCAATTCTATATCAGCAGGAATGCTCTGCACTCTGC,112,PlantCARE
Box II,X16437,ACACGTTGT,TAAAAGGGAAGCAAGAAGGAGAACCACATAAAAGGGAGCTAACTCCTATAACACGTTGTGCTTCATCTGCCCGTCCATCAAACCTACCACACTCTCTTCTCTTTTTCTC,109,PlantCARE
Chs-unit 1 m2,X16437,TCATCTGCCCGTCCATC,AAGAAGGAGAACCACATAAAAGGGAGCTAACTCCTATAACACGTTGTGCTTCATCTGCCCGTCCATCAAACCTACCACACTCTCTTCTCTTTTTCTCCTTTGTCATCTTGTTATATA,117,PlantCARE
AAAC-motif,X61362,CAATCAAAACCT,TTGATCCACTCAGAACAAAAAACGAGAGGTCGCATTTCATCCAAAACCACCAATCAAAACCTTCCACCCACTCTCTACTTCTCACACTTCCTATCCTCTCTCTCCACTCTCA,112,PlantCARE
ATC-motif,S45033,AGTAATCT,TATTAAGTATTGTAGTGATGAACAAATGACGTTACGCCACGTGGCAGTAGAGTAATCTTGATTCTGTGGCAGTTAGAGATGGAAATGGAAAGGCCAATCTTCAAGACA,108,PlantCARE
DREP-module,X76131,ACTTTACCTCCAAAATTCA,ATCAAAATCCAAATTCCAAAGTAAAAAAAAAAGAATTAAAAAAAATTGTCACTTTACCTCCAAAATTCAATGGCCAAAATCTCCCTCCTTATCCATCCTTACAACAAAAACCTCATCCA,119,PlantCARE
G-box,U45858,CACGTG,AGGCAGCAAGCAGAGCACCCACCGCCGGAAGCGGCCGTCGGACAGAACGACACGTGGGGCACGGCACAGTCCGGGCCCGCACGTCATCGAAGACACCTGACCTGCC,106,PlantCARE
GTGGC-motif,S45033,GATTCTGTGGC,TTGTAGTGATGAACAAATGACGTTACGCCACGTGGCAGTAGAGTAATCTTGATTCTGTGGCAGTTAGAGATGGAAATGGAAAGGCCAATCTTCAAGACACAAATTTTATGG,111,PlantCARE
LAMP element,X76131,CCTTATCCA,TAAAAAAAATTGTCACTTTACCTCCAAAATTCAATGGCCAAAATCTCCCTCCTTATCCATCCTTACAACAAAAACCTCATCCACAATTCCAACACCCTCCTCCCCTCAA,109,PlantCARE
Pc-CMA2b,X52288,AGATAATACCCTTTA,TCAAAGTTCCACATCATCCGATATAATCCGAGCACAACCAATGAAAAACTAGATAATACCCTTTATTGGCCCACACATCACAAAAATCCTTTAATCCAATGCCACTAAAAATCCC,115,PlantCARE
TCCC-motif,X61362,TCTCCCT,AAATTGGCATAAGTGCATAACCACATCTCTAATTTATCCTCCAAAAATCATCTCCCTTTTTATTTTTATTTCCCTCTTCAAATTTTTGATCCACTCAGAACAAAAAA,107,PlantCARE
3-AF1 binding site,Z13987,TAAGAGAGGAA,TATTATATTGCAATAATCCACAATCACACGTGGCAACTATGTATTGGCTGTAAGAGAGGAAATCAACATTGAGTTAGATTTTTTTGAACATATTAAGTATCTAAAATGAAC,111,PlantCARE
4cl-CMA2b,M62755,TCTCACCAACCACA,TTTTCTTTTAAAATCCCAATTATCTATCATCACCTAACCATAAGAACTACTCTCACCAACCACAAGAGACTCCATTTTTTTTATATCCCCCAAAAAGGAAAAAAAAATTGAAAC,114,PlantCARE
AT1-motif,Z13987,AATTATTTTTTATT,ACGGAAGCTAATTAGCTGTTGGGAGCCTTGGACTTGCATTTCTTAATTCCAATTATTTTTTATTAATGTCTTATTTTGTCTCATTGCCAATTTGCCACTCATACAAGTGGTCCT,114,PlantCARE
Box II,X04753,TGGTAATAA,TAAGGCAAAGGAAAATAATTTGTAGTAAGAATGCTATATATTGATAATGTTGGTAATAATATTATCTAGAAGCAATCCACAGAAGGGGTGCCACGTGTCAACTTGTAAA,109,PlantCARE
CAAT-box,Z35160,CCAAT,CGCGTATCATTGCAGCACTGGGGCCAGATGGTAAGCCCTCCCGTATCGGACCAATTTAATGAATATTTTTTAAGTTATAAAAATATGATTAAGATTTGCGTATGA,105,PlantCARE
G-box,X04753,TGCCACGTGTCA,TATTGATAATGTTGGTAATAATATTATCTAGAAGCAATCCACAGAAGGGGTGCCACGTGTCAACTTGTAAATCACAAATTGCAAGTCATCACTAATATTATTATCAAGGGAC,112,PlantCARE
GATA-motif,Z13987,AAGGATAAGG,AGAGGTATACAAATTGGAATCCACCAATGAGAAAGCAGATATAGATATTCAAGGATAAGGATATTGGGCCTTTATATACAGTTTGGTGCAAGGCCCATAAAACTCAAGCC,110,PlantCARE
GT1-motif,Z13987,GTGTGTGAA,TTGTCTCATTGCCAATTTGCCACTCATACAAGTGGTCCTATTTTAACCAAGTGTGTGAACTATTGCATGGCCATGAATTACTCTTATGTTTTTGGTCAAGTTGATATTA,109,PlantCARE
I-box,X04753,TGATAATGT,AAACTAAGATAAGGCAAAGGAAAATAATTTGTAGTAAGAATGCTATATATTGATAATGTTGGTAATAATATTATCTAGAAGCAATCCACAGAAGGGGTGCCACGTGTCA,109,PlantCARE
TATA-box,Z13987,TATATA,ACCAATGAGAAAGCAGATATAGATATTCAAGGATAAGGATATTGGGCCTTTATATACAGTTTGGTGCAAGGCCCATAAAACTCAAGCCTCAAATCAACTCTTCTCT,106,PlantCARE
Footprint A,X05823,AGTACATCTCATCCATTT,TCTTACAAAAGCTGGTCCAGTCACGAGCCTTAGCCCTAACCATAGCCACAAGTACATCTCATCCATTTAAGGCCTCTGCGTGCACCAATGGCATCCAAGCTGCAGATTTCTTTTCACC,118,PlantCARE
G-box,X75089,TCCACATGGCA,CCTCGTCGCCCCGCCCATCCAAGCGAAGATAAGACGCCCACTCCCTTCCCTCCACATGGCACCCGCCCTCCAATCCCTTACTTATTCCCGCCCCCCTCACTCCTCCATCCC,111,PlantCARE
I-box,M37328,AGATAAGG,CAGCACACACAATGTATCCGACGGCAATGCTTCTTCCACTGATCCGGAGAAGATAAGGAAACGAGGCAACCAGCGAACGTGAGCCATCCCAACCACATCTGTACCAAA,108,PlantCARE
LS5/LS6,X05823,GCACCAATGGCATCCAAGC,AGCCCTAACCATAGCCACAAGTACATCTCATCCATTTAAGGCCTCTGCGTGCACCAATGGCATCCAAGCTGCAGATTTCTTTTCACCACCGTCTCTCTTGTCAGCTGTCACCAAGCACC,119,PlantCARE
Prolamin-box,K03076,TGAGCTGTAAAGTGAAT,AGAAAATTACAAACTTAGTTTTAGAAAAATAGGCAATCTAGATTAGTGTTTGAGCTGTAAAGTGAATAAGATGAGTCATGCATGTTATCACACCTTTTTGGTGGTGGAATGATAGTG,117,PlantCARE
Prolamin-box,X12929,TGTTTTGCAAAGCTCCA,AGAATTAGGATTGAACCGATTACGTGGCTTTAGCAGACCGTCCAAAAATCTGTTTTGCAAAGCTCCAATTGCTCCTTGCTTATCCAGCTTCTTTTGTGTTGGCAAATTGTTCTTTTC,117,PlantCARE
Sbp-CMA1c,S63737,GCTTATCTGGTCCA,AGCGGTCGTCTTCCCGCGCTCTATCTTCTCCGGCGCCACGTTGGCCCCCGGCTTATCTGGTCCAGTCGTGCATCCACCGTGCGTGATCCGTTCCTCCCAAACCCCCCAGCCGCG,114,PlantCARE
ABRE2,X60135,CCACGTGG,CTGCAAGTAGGCCACCCTCGCCGACGGGCTGAATCATGTAACCAAGAAGTCCACGTGGAGGTGGAAGAGGGCAATATGGACAGCGAGGAGAGCACGAAACCACCGCCG,108,PlantCARE
ACA-motif,X15408,ATCGACAGCCATT,CGGGCGGGCACGGAAAATGGGCCACACGTTGATCGCGCAGGAGGGCGGCCATCGACAGCCATTCGTCGGCCATGCTATCCGAAATCTGATCCCTCCCCGAATCCCGACCTCAC,113,PlantCARE
ARE,U45859,AAACCA,GGATGCGCTCCATATAAATTACGCTACTTCGTAGAAATTACTAACGTTTAAAACCAACAAATAACCTTTCATTTTACTGTTAGTGTGACAAATCATTGCTGCTCCA,106,PlantCARE
ATC-motif,X15408,TGCTATCCG,CACACGTTGATCGCGCAGGAGGGCGGCCATCGACAGCCATTCGTCGGCCATGCTATCCGAAATCTGATCCCTCCCCGAATCCCGACCTCACGATCTCCGATCGCGGCCA,109,PlantCARE
Box I,X60205,GTCCAACTGACCTAACCCGG,GCACGTCCGCCCCGCGCGTCGTCGCCGCCCACGTGGCGGCCCATCCGCCCGTCCAACTGACCTAACCCGGTCGCCAGCCCGCGCGCTTATATAAACGCCCCCACCGGCTTCCGTCCTCTC,120,PlantCARE
CAAT-box,U45858,CCAAT,CGCACCTCATTCCAGGAGTTGCATTTCGCTTTCTCCTTTATTTATTTATACCAATAAAAAATAAATCCGCCTTTTCTCCTCCCTATCGTGTGTCTCCTCTCGCCG,105,PlantCARE
Footprint A,X63205,ATCCTATCTCATCCATTT,CATTGATTATGCATTTGACAAATAGCAAGAAGCGCGGGGCAACAAAGCCCATCCTATCTCATCCATTTTTTCCCACGATGGCAAGTGGCAGCTCCTGATTAGCTACGCCCATTCCTAT,118,PlantCARE
G-box,U14599,CACGAC,CAGAATCAGTTAGCTCGCACCAACCCGCACGAGCACCGACCGGTCAATGACACGACTCGCCAGTCGCCACTACCGGTTCCCGTTTAAATTGCCGGCCGCATCAAGC,106,PlantCARE
G-box,U45859,CACGTC,GCATGACGACCGTTGAAACTGGTGCTTTAAGAATAGTATAGAAATATGAACACGTCTTGTACCATTGGCCACATTATAGCAAGAGCTCAACAGAGGGGAAAGAGCC,106,PlantCARE
GATT-motif,X63205,CTCCTGATTAGC,ACAAAGCCCATCCTATCTCATCCATTTTTTCCCACGATGGCAAGTGGCAGCTCCTGATTAGCTACGCCCATTCCTATGCTATGTGGCACACCCCAGGATTCTTGTGTGATAG,112,PlantCARE
GC-motif,U45858,CCCCCG,ACACCTGACCTGCCCATGCGTCTTCTAGAGAAAGGCGGACGGACAGGTCACCCCCGCACCTCATTCCAGGAGTTGCATTTCGCTTTCTCCTTTATTTATTTATACC,106,PlantCARE
I-box,S46964,GGATAAGGTG,CCTGGAGGCAGGAGGCTCGTCGTCCGGAGCCACAGGCGTGGAGACGTCCGGGATAAGGTGAGCAGCCGCTGCGATAGGGGCGCGTGTGAACCCCGTCGCGCCCCACGGAT,110,PlantCARE
I-box,U09743,CGATAAGGCG,TATCTACAAGTCCCTGGCACATCACGCATAGTCCAACCATGGCGCGCAGGCGATAAGGCGCGCCACGGGGACGCGACATGTGGTGGCGGACGCGATCAGGATAGGGCCAG,110,PlantCARE
LS7,X53398,CAGATTTATTTTTA,GTCGCGCCACGTGTTCCAGCATCCCGGACGCACCAATGGCATCCAAGCATCAGATTTATTTTTATTTTCTGGCAACATTCAAGATAGAACTTGATCGCGGCGGTGTTTCCTCCG,114,PlantCARE
O2-site,X54212,GATGATGTGG,GGCTCCCAAACTAGCCCTTAGTGGGAGATGATAATGGATAGTTAGTGGAAGATGATGTGGATGGCTTGCTTTCATTAAATGGTTGAAACTTGAACCCCTCCTGTCCTATA,110,PlantCARE
O2-site,X54212,GTTGACGTGA,GCTTTCATTAAATGGTTGAAACTTGAACCCCTCCTGTCCTATAAAAAAAAGTTGACGTGAATAGATTTCATTAAGAGGTTGGATGTTAGTGGGATGACATGACTATTAGT,110,PlantCARE
O2-site,X54212,GATGACATGG,GATGATATGGATGAGTTTTTGCTTTCATCGAAAGGTTGGAAGGTTAGTATGATGACATGGCTAATATAGATACATAGATATAGACTACCAACATGGCTGCATGCCCCCAA,110,PlantCARE
OCT,M13377,CGCGGATC,ACAGCCTCACGCCAGCCAACTCAGCGATCCGTGCCTTGCACCACGTCAGCGATCCGCGGCATCTACCCAGCTCTCGTTCTCACCCGTCCGTCTCGTGCCCATCGAACG,108,PlantCARE
OCT,M13379,CGCGGATC,GATCCTCCCTGATTAAGTCCTAGCCAATAGGAGCCCAGAACCACCCATCACGCGGATCGTCCCTACGCTTCCACCTCATCGGCGCCGTCCATCTCCATCCAACACCTA,108,PlantCARE
Prolamin-box,M23537,AGAGGTGTAAATGGTAC,GATGCACGACGAACGAAACTGGTGGTTTAAAGTAGTAGAGGTTTGTCATTAGAGGTGTAAATGGTACATATATTATCCGTTCATATTCGAATTTGATCCGTATAAGAGGGCTAAGAT,117,PlantCARE
Prolamin-box,X55722,ACATGTGTAAAGGTGAA,TAAAGACTTTGATAGCAAACTTTACATATTCATATCATGTTAAGGTTGTCACATGTGTAAAGGTGAAGAGATCATGCATGTCATTCCACGTAGATGAAAAAATTCCTATATAAAAAT,117,PlantCARE
TATA-box,S46964,TATAAGAA,CAGCCGCTGCGATAGGGGCGCGTGTGAACCCCGTCGCGCCCCACGGATGGTATAAGAATAAAGGCATTCCGCGTGCAGGATTCACCCGTTCGCCTCTCACCTTTTCGC,108,PlantCARE
TATA-box,U45859,TATATAT,ATCTTGTGTTGCTTTGTTCTTAATTCATAGTATTTGAGAACAAGTCCCAATATATATGGTGTCTCTTCGCCATCAACACAAGTGATGTGCCATGAACGATTATGACA,107,PlantCARE
Chs-unit 1,X60205,CCACGTGGCGGCCCATCCGCCCGTCCAACTGACCTAACCCGG,AGTGGGCGGGTCTCGATCCCCGGCACGTCCGCCCCGCGCGTCGTCGCCGCCCACGTGGCGGCCCATCCGCCCGTCCAACTGACCTAACCCGGTCGCCAGCCCGCGCGCTTATATAAACGCCCCCACCGGCTTCCGTCCTCTC,142,PlantCARE
Chs-unit 1 m1,X60205,ACCTAACCCGG,CCCCGCGCGTCGTCGCCGCCCACGTGGCGGCCCATCCGCCCGTCCAACTGACCTAACCCGGTCGCCAGCCCGCGCGCTTATATAAACGCCCCCACCGGCTTCCGTCCTCTC,111,PlantCARE
dOCT,M13377,CACGGATC,AGGTCCGTCGGTCCCCTCTCTGTATACAGCCTCACGCCAGCCAACTCAGCGATCCGTGCCTTGCACCACGTCAGCGATCCGCGGCATCTACCCAGCTCTCGTTCTCAC,108,PlantCARE
dOCT,M13379,CTCGGATC,CGGTTTTCAAAAGAAGTCGGAAACCATCTGCACCCACCGACTAGTAGGCCCTCGGATCCTCCCTGATTAAGTCCTAGCCAATAGGAGCCCAGAACCACCCATCACGCG,108,PlantCARE
Endosperm-box,X54212,TTGGATGTTAGTGGGATGACATG,CCCTCCTGTCCTATAAAAAAAAGTTGACGTGAATAGATTTCATTAAGAGGTTGGATGTTAGTGGGATGACATGACTATTAGTAGGACGAGATGATGTGGAAAGTTAGTGGGAGATGATATGGA,123,PlantCARE
RbcS-CMA7c,U09743,ACGCGACATGTGGTGGCGGA,ATCACGCATAGTCCAACCATGGCGCGCAGGCGATAAGGCGCGCCACGGGGACGCGACATGTGGTGGCGGACGCGATCAGGATAGGGCCAGGCTGGCCGGGCGCGGCCACGGGAGAACGGT,120,PlantCARE
-141NTG13,M62855,GCTTTTGATGACTTCAAACAC,TGAAGTCAGAGAAAGATCAACTCTTTTTAATTGGCTTTAGCTGCTGGTTTGCTTTTGATGACTTCAAACACGAATCTAACGTTGATCAGTCTTGTTTTATTGAACTCGATCTCTTTCTTAC,121,PLACE
-300CORE,X03103,TGTAAAG,GGTTCCAAAATCGTTTGCAGAAGTGATACTAGCTTGATAAGTGCGTGACATGTAAAGTGAATAAGGTGAGTCATGTATACCAAACCTCGGGATTTCTATACTTTGTG,107,PLACE
5256BOXLELAT5256,X56487,TGTGGTTATATA,GTAAAAATTATTTAATGACTTATACACATACATTGATAATGTATAATATGTGTGGTTATATAAATAAAAGTGGTTTGTTATTGGAAGGCTATAAGAAGACGATATATAAGCA,112,PLACE
5659BOXLELAT5659,X56488,GAAWTTGTGA,CAATTTTGGCGAAATATTCTCAATGCCTTTGCAGCAAAGAGCTATGGAATGAAATTGTGATGGACATTTAGTTTCAAAACAAGTGACTGTGCGCAAGTTTAGAAATTATG,110,PLACE
ABRE2HVA1,X78205,CCTACGTGGCGG,ATGGCGGGGCTTCGCGAAGGTACGGCGGGGGAGCGGCAACGCGTGTCCTCCCTACGTGGCGGCCATGTACGAGCACCGCCGCGCAACGTGTCCCGGCGACTCTCCCGTCCGT,112,PLACE
ACGTABOX,L34551,TACGTA,TGGCGCCATGTCCAAGTGAAAACTACTTCTTACTGCTTTGTCAGCTCAGCTACGTATAAAAATGTGATGTCCCAAGTGAACGGACTTGAGTTTTTCAGAGTCCTCG,106,PLACE
AMYBOX1,X16509,TAACARA,TTTATCTTAAAATATAATAATTTTTAACTCTCAGTATTTGTCCTAAAATATAACAAATTCTCCATCAACATTATCTTCCCAACCAATCACAACCCTTCATCATTAAT,107,PLACE
AMYBOX2,X16509,TATCCAT,GGCCATTAAATTGCCTATGGGCTCACCAGCCAATAACAAACTCCGGCTGTTATCCATCCAATCCAGTGTCCCAAAGCAACATTCAAGCCCAGCCAGGCCTCCAAAAG,107,PLACE
AT1BOX,X12512,AATATTTTTATT,ACTTTCTATTTTTTAAAAATAATTTATAGAAGTTAGAGAAAAAAAATGAAAATAAAAATATTTAAGGCAATTCCTTGTAAATTATATTATAGAATTGTGACCTAAATTTTTT,112,PLACE
AUXREPSIAA4,X68216,KGTCCCAT,CTCAAAACAATCTCAACCATCCAAATTCCAGACCAAATGGTAGGTGAATATGTCCCATTCTTGTCACCCCTATAAGGAGACACCATTCTTTAAATCTGTTGATGTTGC,108,PLACE
BOX1PVCHS15,X59469,TAAAAGTTAAAAAC,AGCTTGACTCAAATTAAAAGTTAAAAACACACAAAAAGTTGGACGCACTGTGATTAAATATTTTCATAGGGTAGAGAT,78,PLACE
BOX2PSGS2,U22971,TCTAAGCAAAG,AAAATTGTATAAATTCAAAAACTATATAATCATAATTGCAAATTAATGTTTCTAAGCAAAGCAACTTAAGTTAAGAAGATCTAAGCAAAGATACAAAGATATTGTCAACAT,111,PLACE
BOX2PVCHS15,X59469,CTGTGATTAAATAT,AGCTTGACTCAAATTAAAAGTTAAAAACACACAAAAAGTTGGACGCACTGTGATTAAATATTTTCATAGGGTAGAGATGCATAAAATATCACCAATTATTGGTTACTAAAT,111,PLACE
BOX3PVCHS15,X59469,TATTGGTTACTAAA,ACTGTGATTAAATATTTTCATAGGGTAGAGATGCATAAAATATCACCAATTATTGGTTACTAAATTTAACAGTGAATGAATGAATGAGTTATATGTGGATGGAGATGGTCTTCA,114,PLACE
DPBFCOREDCDC3,AF061870,ACACNNG,TAAAGAATAGAGAATCGGCTGCGCGTTCGCGTGCAAGAAAACAGGCTTACACACATGAACTGGAGAACAAAATCTCACGTTTGGAAGAGGAAAACGAACTACTTAAG,107,PLACE
ELRE1PCPAL1,X15473,CTCCAACAAACCCCTTC,TCCACCGTCCATTAAAACAAAAACAAGTAAATCCAACGGTTGAGATTAATCTCCAACAAACCCCTTCTATTGGCCGTCCGTCACTCAACCCACCCCCAACCTATTTTCAAAGAAATC,117,PLACE
ELRE2PCPAL1,X15473,ATTCTCACCTACCA,TTGGCCGTCCGTCACTCAACCCACCCCCAACCTATTTTCAAAGAAATCATATTCTCACCTACCAAAATACACTCTTTTATTTTTATATACAACTATAATGTGAAATTACCTTTT,114,PLACE
ELRECOREPCRP1,U48862,TTGACC,AGGCCGGACAGGTAAGCAAATGAATGATTAAAATTATTCAGCCATCAAAGTTGACCAATAATACCCTTCCCAAATTCTAAAGAAATTCTGTTCAAACTTTTTGTCA,106,PLACE
GARE2,X16509,RTAACARANTCYGG,CAACTCTCAAAGTCTCAAGGCCATTAAATTGCCTATGGGCTCACCAGCCAATAACAAACTCCGGCTGTTATCCATCCAATCCAGTGTCCCAAAGCAACATTCAAGCCCAGCCAG,114,PLACE
GLUTEBOX1OSGT2,X52153,ATATCATGAGTCACTTCA,GTCAATTACACATCCATCATTATCCATCCACCTTCCGTGTACCACACCATATATCATGAGTCACTTCATGTCTGGACATTAACAAACTCTATCTTAACATTCAAATGCATGAGACTTT,118,PLACE
HSELIKENTGLN2,X53600,AGGAATTCCT,TCGTTAAGTATTTACCACAAACATTTTATTAGTTGTAACGATGATTAAGCAGGAATTCCTCTGGTTGTGCAGGATGAAAGAAACTAACTAGCTATAATTTCTTTTGTAAA,110,PLACE
LEGUMINBOXLEGA5,X03677,TCCATAGCCATGCAWRCTGMAGAATGTC,AAGCGGCCACAAGCGCAGCGTCGCACATATGATGTGTATCAAATTAGGACTCCATAGCCATGCATGCTGAAGAATGTCACACACGTTCTGTCACACGTGTTACTCTCTCACTGTTCTCCTCTTCCTAT,128,PLACE
LRENPCABE,X12512,ACGTGGCA,CTCTTATGCTAAAGACAAGTGGATATTATATTGCAATAATCCACAATCAGACGTGGCAAATTTGGATTGGCTATAAGAGAGCAAATCTTCATTAGGTAAGTTTTTTAA,108,PLACE
LTRECOREATCOR15,U01377,CCGAC,GTGTAGGCTTTTGGTAGATTTGGGCTTGCAAACCCAAATTAACTTGTTGGCCGACATACATTTGTTTCTATTACAAATTTAACAACAAACGTCAATAAATACACG,105,PLACE
MEJARELELOX,U63117,GATACANNAATNTGATG,GTATACAATATATCTATATATATATATATATATATATATATATAATCACTGATACATTAATTTGATGCGCGAGATATATTAATCGTAAAGTGAGATATACATAACATTTTATACATG,117,PLACE
MYB2AT,D14712,TAACTG,ACCCACCACGTGTGAACAAGTGGAGTCAATGATCACCGACCCAAGTCAACCAGTTAACGAACCGAGTCCGGTCGAGCCGGGTTTCGTTCAATTCAGCCAGAATCAT,106,PLACE
MYBCORE,D14712,CNGTTR,ACCCACCACGTGTGAACAAGTGGAGTCAATGATCACCGACCCAAGTCAACCAGTTAACGAACCGAGTCCGGTCGAGCCGGGTTTCGTTCAATTCAGCCAGAATCAT,106,PLACE
NTBBF1ARROLB,AJ009594,ACTTTA,ACTACTTGTAGCTATAGCCACTGCCTGAANAAGTGTAAGCACTAGTTATTACTTTAATTTGTTTTCTTGCTTCCGTTTTGTTTCTTTGATCACTTAGTCTATGGCG,106,PLACE
OPAQUE2ZM22Z,M86591,TCCACGTAGA,TCATGTTAAGGTTGTCACATGTGTAAAGGTGAAGAGATCATGCATGTCATTCCACGTAGATGAAAAGAATTCCTATATAAATGACACCTTTTCTTGTAGGTAGTGGAAAG,110,PLACE
PALBOXLPC,L37355,YCYYACCWACC,GGCCGTCCGTCACTCGACCCACCCCCAACCTATTTTCAAAGAAATCATATTCTCACCTACCAAAATACACTCTTTTATTTTTATATACTACTATAATGTGAAATTACCTTT,111,PLACE
PALBOXPPC,L37355,YTYYMMCMAMCMMC,TCCACCGTCCATTAAAACAAAAACAAGTAAATCCAACGGTTGAGATTAATCTCCAACAAACCCCTTCTATTGGCCGTCCGTCACTCGACCCACCCCCAACCTATTTTCAAAGAA,114,PLACE
POLASIG1,M24286,AATAAA,TATCCGATCCGAATTACGGATGCAATTGTCCACGAAGTACTTCCTCCGTAAATAAAGTAGGATCAGGGACATACATTTGTATGGTTTTACGAATAATGCTATGCAA,106,PLACE
PR2GCNT,X53600,TAARAGCCGCC,TTCTTAGCTGCCTCCTCATTAGAGCCGCCACTAAAATAAGACCGATCAAATAAAAGCCGCCATTAAAATAATGAATTTTAGGACTCTCAATTGTCACGTAAGTGCCAAAAC,111,PLACE
PREMOTIFNPCABE,X12512,ACCGGCCCACTT,TTAAAAAAACTAACCGTTGGGCCCGAATAGGCCTTTTTAGGACCGCTTGAACCGGCCCACTTCCCAGCCGGTCCCGGTCTCGCGGGCCTCGCCTATGGAACCGACCCACTAC,112,PLACE
PROLAMINBOX,M86591,CACATGTGTAAAGGT,ATAAAGGTTTTGATAGCAAACTTTACATATTCATATCATGTTAAGGTTGTCACATGTGTAAAGGTGAAGAGATCATGCATGTCATTCCACGTAGATGAAAAGAATTCCTATATAA,115,PLACE
REGION1OSOSEM,U22102,CGGCGGCCTCGCCACG,CGCGCCGCGCACGGGCGGAGGCATAGCTTGCGCACGTACGTGTCGCGCTCCGGCGGCCTCGCCACGACGCGTGTCGCGGAGGCGCGCGCGCGCACCGAGCCGTCCGCGTCGCCGCG,116,PLACE
RYREPEATVFLEB4,U22102,CATGCATG,CATGGGCTTCCCCCCGACCAGGTGGTGCGTGCGAGCCTACCACATGTCCACATGCATGCACGGTGATCGACATCCCGATCGACGTGTCGACAGTGCAGCCACCCCGCC,108,PLACE
S1FBOXSORPS1L21,M64682,ATGGTA,TTAGTGTTTTTCTTCATAAATTTGCATTCCCTCCCAATGTCACTCCCTAAATGGTAATGGTTGTTAATGGAAATTTATGGAGAAAAAAAGATAATTTGAGTGAACT,106,PLACE
S1FSORPL21,M64682,ATGGTATT,TTTATACTCGAGTGGCACTTCTAGTTCTAGTTACCAATCCAAATGGACAAATGGTATTATGGTACATAACCCAAATGGTATTATCCAACCTGAACAAGTCGAACAACC,108,PLACE
TATABOX5,U22971,TTATTT,AATCACATGAGAAAATACTTGAATACACTTAAATCAATTATTTTATACTCTCCTTGACGAATAACGGGGAAGTCAACCTTTTAGTATTTTTAC,93,PLACE
