ID,Gene_ID,Original_Motif,Expanded_Sequence,Length
ABRE,U01377,CACGTG,CGACATACATTTGTTTCTATTACAAATTTAACAACAAACGTCAATAAATACACGTGAAGGAAATGAGAACGACCCTCTTAAGTAGTACTGGAAATTGAAAAAAAGA,106
ABRE,AB000615,ACGTG,CCTCCAAGTTTTGTGTCAACTTGAATTTGTACTTAATTGCAATCTTTGGAACGTGTTCATTCGAAAACGAGAATAAAAAGAAAAAAACATGACTACGTCTATAAC,105
ABRE,U19862,AACCCGG,AACCATTTTCATCATAAAAGATATATTTTTTTATCATTGAATACCAATCAAACCCGGTATAATAAATAAAATTGTACCAAATTAATGCGGTTAGGTGAATTCAATTT,107
AC-I,X62747,GCTTACCTACCA,TTTCTATAATCTTTATATGGAAGAAAAAAAGAAACTAGCTATCTCTATACGCTTACCTACCAACAAACACTACCACCTTATTTAAACCACCCTTCATTCATCTAATTTTCCT,112
ACA-motif,L14743,AATCACAACCATA,ACTTTGTGAATATGTGATCATAGAAACATGAGGAGACAAGAGAGTGCTAAAATCACAACCATAGAAACAAGTAAGAAAGCTATCCAGAATCTAATCTTATTTGCCTCCAAGTC,113
ACTCATCCT sequence,AB008810,ACTCATCCT,AGATTCAAAGAACAAGTCCAGGTCCACATGTTGAATCCGATTCATCATCCACTCATCCTTCATATCTTCCTCCACCGTCTCCGCCCAAAAAAACAATAACAATAAAAAA,109
AE-box,L14743,AGAAACAA,TGTGATCATAGAAACATGAGGAGACAAGAGAGTGCTAAAATCACAACCATAGAAACAAGTAAGAAAGCTATCCAGAATCTAATCTTATTTGCCTCCAAGTCATCAATT,108
AE-box,L14749,AGAAACTT,GATGAAAACTATATGACATGAAAAGAAGGATTAAAAAAATGAGTCTCTTGAGAAACTTGTGATCACTGGCTCACAGAATCTTATCCCCATATGTATCTTACCTACATA,108
ATC-motif,L14743,AGCTATCCA,ATGAGGAGACAAGAGAGTGCTAAAATCACAACCATAGAAACAAGTAAGAAAGCTATCCAGAATCTAATCTTATTTGCCTCCAAGTCATCAATTCTTTATCCTATATTAC,109
AT~ABRE,D13044,TACGTGTC,CACGTAGAGAGCAACTGGCTGAGACGTGGCAGGACGAAACGGACGCATCGTACGTGTCAGAATCCTACAGAAGTAAAGAGACAGAAGCCAGAGAGAGGTGGTTCGGCC,108
AT~TATA-box,AF264749,TATATA,CCATAATCGAAGACGCTTATTAAATATTTTTATTTATCGTGCGCGCCATCTATATATAGTTGGTCATTTCTTTAGTTCCAAATTACCTTGAATTTATATTATTTCA,106
AT~TATA-box,AB000615,TATATAAA,AACCTGTACCCAAACAGTCCCATAAGAAGCCAGAATCAAAGTACACTGTGTATATAAATGAGCCCAACAATAACCGAATAAACAAAAACAAAAAAATAACGTTGCCTT,108
Box I,M20308,GTCCATCTAACCTACCAC,AACCACAGAAAAGGGGGCTAACAACTAGACACGTAGATCTTCATCTGCCCGTCCATCTAACCTACCACACTCTCATCTTCTTTTTCCCGTGTCAGTTTGTTATATAAGCTCTCACTCT,118
Box II,M20308,ACACGTAGA,GAAAAAACAGGGAAGCAAGAAGAACCACAGAAAAGGGGGCTAACAACTAGACACGTAGATCTTCATCTGCCCGTCCATCTAACCTACCACACTCTCATCTTCTTTTTCC,109
C-repeat/DRE,L22568,TATACTACCGACATGAGTTCCAAAAAGC,GACATCAGTTTGAAAAGAAAAAGGGAAAAAAAGAAAAAATAAATAAAAGATATACTACCGACATGAGTTCCAAAAAGCAAAAAAAAAGATCAAGCCGACACAGACACGCGTAGAGAGCAAAATGACTT,128
CAAT-box,D13044,CCAAT,TCAGAAATGGAAACTGAGAAAACACACCACAAATTTCGAAAAATCTACAACCAATCTCACTATAAGAAACAAAGGACCGTTGACAGAAACAGTCAGCGAGACTCA,105
CAAT-box,X84728,CAACCAACTCC,TAATCTCACAAATCCATCACTCACTCTCCATCTACGTCATCATTAATTCTCAACCAACTCCTTCTTTCTCACTAATTTCATTTTCTATAATCTTCCATATGGAAGAAAAAA,111
CAAT-box,X98080,CCCAATTT,CTAGCCCGGAAATCTCTGGACGTGTGGGCCGAATCTAAACCCTCTTAAAGCCCAATTTGATTAGGATCAAGAGAAAGGGGAAGCCCTAAAGATTGGCCTCCTGCGTTC,108
CAG-motif,L14743,GAAAGGCAGAC,TACTCTCTCAGCCAGTCCTAAGAACCTCTGCTCTAAAAAGTCTGAGCTTTGAAAGGCAGACAAATGGAGAGCAGCCTTATCCTCCTTTTATAACTGTGACCACACACACAA,111
DRE,D13044,TACCGACAT,GACCGACTACTAATAATAGTAAGTTACATTTTAGGATGGAATAAATATCATACCGACATCAGTTTTGAAAGAAAAGGGAAAAAAAGAAAAAATAAATAAAAGATATACT,109
DRE core,D13044,GCCGAC,TAAAAGATATACTACCGACATGAGTTCCAAAAAGCAAAAAAAAAGATCAAGCCGACACAGACACGCGTAGAGAGCAAAATGACTTTGACGTCACACCACGAAAACA,106
G-box,L21929,CACGTG,CACAGAAAGAGTCACATTATTATATCCTCTAAAAAACCAAACTAAAACGACACGTGAAGTCTTGATCAGCCGATAAATAGCTACCGACATAAGGCAAAACTGATCG,106
G-box,M12196,GCCACGTGGA,AAACTATTAATAATTACTACAATTTGTAATTAAAAAGATCAACGAGAAATGCCACGTGGACGAATACTAGCAACGCCAAGTGGAAAGAGCGTTCGAGAGAACAAGGCAAA,110
G-box,X13611,TCCACGTGGCATT,CCATCACACAATTTCACTCATAGATAACGATAAGATTCATGGAATTATCTTCCACGTGGCATTATTCCAGCGGTTCAAGCCGATAAGGGTCTCAACACCTCTCCTTAGGCCTT,113
G-box,AF264749,TACGTG,CATTTAGCTTAAAGGTAAAGGAAACAAATAAAATAAAAAGGGTAAGGCAATACGTGGCTCAAAAATATCTAAAAAGTTGGTCTCTATATAATGTGAGAGATATATC,106
GA-motif,X13611,ATAGATAA,CAGGCAAGTAAAATGAGCAAGCACCACTCCACCATCACACAATTTCACTCATAGATAACGATAAGATTCATGGAATTATCTTCCACGTGGCATTATTCCAGCGGTTCA,108
GATA-motif,X51370,GATAGGA,AAACACAAAGACGATAATCCATCGATCCACAGAATAGACGCCACGTGGTAGATAGGATTCTCACTAAAAAGTTCTCACCTTTTAATCTTTCTCCACGCCATTTCCAC,107
GT1-motif,X98080,GGTTAA,TAGCTTGATCAAGATTTAGAAGTTAGCATAGAAAAATGCATGAGAATACTGGTTAAAATTTTCGTGCACAAGTAGCTAAAGAGAATAATCTTGCTTCCTTGTTTAA,106
HSE2,Y07613,AGTCTCGAAACGAAAAGAACTTTCTGGAAT,TGAACCGGCGAAATTTCTTTGCCAGACCTATTCGGAATTGAAACAAGTGGAGTCTCGAAACGAAAAGAACTTTCTGGAATTCGTTGCTCACAAAGCTAAAAACGGTTGATTTCATCGAAATAGGGCTTCG,130
I-box,L14743,CCTTATCCT,CCTCTGCTCTAAAAAGTCTGAGCTTTGAAAGGCAGACAAATGGAGAGCAGCCTTATCCTCCTTTTATAACTGTGACCACACACACAAATGAAGAAGCCCAAATGAAAGG,109
I-box,X13611,GATAAGGGT,AAGATTCATGGAATTATCTTCCACGTGGCATTATTCCAGCGGTTCAAGCCGATAAGGGTCTCAACACCTCTCCTTAGGCCTTTGTGGCCGTTACCAAGTAAAATTAACC,109
MBS,D13044,CAACTG,GCTTCTCTAAAGATCGGATAAAAGATAATGTCGCATAGCCACGTAGAGAGCAACTGGCTGAGACGTGGCAGGACGAAACGGACGCATCGTACGTGTCAGAATCCTA,106
Myc,U19862,TCTCTTA,ATTTAGATACTAAAATCAGCATTGATGAAGATCCACATGAATAAGACTCGTCTCTTAACTCAACATTTAACATATGATTTTCATATTATTGATCATTTATCTTTGTG,107
STRE,Y07613,AGGGG,AGGCTTTCTCCAAGAATCTCAAATTGGGTATCCATGAAGACAGTCAGAACAGGGGAAAGATTGCTGATCTTCTACGGTACCACTCCACAAAGAGTGGTGATGAAA,105
STRE,Y07613,AGGGG,AGGCTTTCTCCAAGAATCTCAAATTGGGTATCCATGAAGACAGTCAGAACAGGGGAAAGATTGCTGATCTTCTACGGTACCACTCCACAAAGAGTGGTGATGAAA,105
TATA,Y07613,TATAAAAT,ACTGGTTTTCCTTTATTTCAAAAGAAGAGACTAGAACTTTATTTCTCCTCTATAAAATCACTTTGTTTTTTCCTCTCTTCTTCATAAATCAACAAAACAATCACAAAT,108
TATA-box,M92354,TATATA,TTATCTAATCCTATAAGATTAACTCTCATGTTTGTGTATGGTTTATGCATTATATAATAGACATTTGATTGAAATGTCATTGTTTTGTTTGGCACAGGGGATTCTA,106
TATA-box,X60377,TATATATA,GTAACTTGAACCAGGCCACATTAATTGCATGTCCTAATCTACGTAATGAATATATATACGTACCAAAGCAGATATTGACATGACAGTGGCAAACACTTGAATTAAAAC,108
TATA-box,X84728,TATTTAAA,AAGAAACTAGCTATCTCTATACGCTTACCTACCAACAAACACTACCACCTTATTTAAACCACCCTTCATTCATCTAATTTTCCTCAGGAACAAATCAATTCCTTAACC,108
TATA-box,X98080,TAAAGATT,AAACCCTCTTAAAGCCCAATTTGATTAGGATCAAGAGAAAGGGGAAGCCCTAAAGATTGGCCTCCTGCGTTCATCATCACCTTCTCTCCCGCCGCTTTCTTTCATCTT,108
TATA-box,AB006777,TATATAA,AAGCTGCTACTACCCCACCACAACTTGATTTGCAACACTTTGCCTTAATATATATAAATTCTTTAAGCTATTTTAAATAGATCTCACGAGGTTGTATGCCTTAGAAA,107
TATA-box,AJ003135,TATA,CGATAAAGAATTAAAGACTAAAGGACAAAGTTACCGTAGACGGTAGAAGTTATAAAAAAAAAAACCTTAAACTGGGGGCATCACTTGAATCTAGCAGCCATGTT,104
TATA-box,D13044,TATAA,TTTCAACTCGGTATTCGCTTAAGCACCAAAATTTCCAACCCAAGTATGAATATAAGATCTAAGCAACAATCAGAAATGGAAACTGAGAAAACACACCACAAATTT,105
TATA-box,M17132,CCTATAAAAA,TAGATTTAATATGCGATCTGATTGCTCAAAAAATAGACTCTCCGTCTTTGCCTATAAAAACAATTTCACATCTTTCTCACCCAAATCTACTCTTAACCGTTCTTCTTCTT,110
TATA-box,M12196,TATATAAATC,TTCTAGTGGTGAGTTTTTGTAAATATCTACTTCTTCCAATTACCAGCTGCTATATAAATCCCCTTCTCTGTTTCTCTTTTCTTACATCACAATCACACAAAACTAACAAA,110
TCT-motif,L14749,TCTTAC,TCTTGAGAAACTTGTGATCACTGGCTCACAGAATCTTATCCCCATATGTATCTTACCTACATAATAGCCACATATTACTTTGCTTCACTTTGAACCATTGGTTGGT,106
as-1,AB008810,TGACG,ATTAAATAGTTATCCGATGACTCATCCTATGGTCAGGGCCTTGCTGTCTCTGACGTCCTTAATTATCATTATTTTTAAATTTGTCTCTCTCAGAAAATTACGCCA,105
Chs-unit 1 m2,M20308,TCATCTGCCCGTCCATC,AAGCAAGAAGAACCACAGAAAAGGGGGCTAACAACTAGACACGTAGATCTTCATCTGCCCGTCCATCTAACCTACCACACTCTCATCTTCTTTTTCCCGTGTCAGTTTGTTATATAA,117
Ocs-element,X95295,ATCTTATGTCATTGATGACGACCTCC,TCTAGAATCTTATGTCATTGATGACGACCTCCTCTACACTTTTGGATTTGTATGTTTACAAAGGAAGGAAGGATTACCTTAG,82
Sbp-CMA1c,S74719,CTTTATCTCTTCCA,AATCATATCTTCTTCAGTTACTGCCACGTGTCACTCTGACCGTGAACAGCCTTTATCTCTTCCAAGTCCACTTGTGTTCTTGATTATTTTGTCTTCACCATTCTCTCTACTCAA,114
CAAT-box,X67833,TGCAAATCT,CGACACACATACAATCACATGCGTGCATGCATTATTACACGTGATCGCCATGCAAATCTCCTTTATAGCCTATAAATTAACTCATCCGCTTCACTCTTTACTCAAACCA,109
TATA-box,X67833,TATAAAT,GCGTGCATGCATTATTACACGTGATCGCCATGCAAATCTCCTTTATAGCCTATAAATTAACTCATCCGCTTCACTCTTTACTCAAACCAAAACTCATCAATACAAAC,107
G-box,U27107,CCACGTAA,TTTAAACTCGCAATGAATTAGAAAATGGTAATTAAATTAAAACAGACGGACCACGTAAGTCACATGACTTGATGGCGTAGAGCGACTAATAATCGAACACGTGTACGG,108
G-box,U27107,ACACGTGT,CGGACCACGTAAGTCACATGACTTGATGGCGTAGAGCGACTAATAATCGAACACGTGTACGGTAAAAGATTGAGAAGAGAAGAGAAGAGAAACACAAATGGGTGGCAC,108
G-box,X61937,ACACGTGGC,AAGTAAACCCCTGTCGTTTACACCTCAATGGCTGCATGGTGAAGCCATTAACACGTGGCGTAGAATGCATGACGACGCCATTGACACCTGACTCTCTTTCCTTCTCTTC,109
TATA-box,U27107,ATTATA,CTTTGGAACCGAAATTCGGTTAGGAAGATTTAGATTTTTGAATTTTCGATATTATACTCATAAATCACATTCGAACTTTACTAATTATAGATCAAAATTTGGTACA,106
TATA-box,X61937,ATATAT,GTAGAATGCATGACGACGCCATTGACACCTGACTCTCTTTCCTTCTCTTCATATATCTCTAATCAATTCAACACTCATTGTCATAGCTATTCGGAAAATATATACA,106
Box-1,X98521,TGGAGGCTGGTTGGAGA,CGAAATTTGGATTAGTCAAAAAAAAAATTCGAAATTTGGAAGGAACAAACTGGAGGCTGGTTGGAGAGAAGAATAGTTAAGGTAAACGTGGAACGACACCCTTCTATTTTGTTTTCG,117
CAAT-box,Y13535,CCAAT,TGTTTAACATAATCTAAAACATTTTTTAAACATATTACATGTTGTATGACCAATCAAATAATTCATATTTTTTTTTTATATTGGTTGAATTTATGTATTAAATG,104
G-box,X98521,TAAACGTG,AATTTGGAAGGAACAAACTGGAGGCTGGTTGGAGAGAAGAATAGTTAAGGTAAACGTGGAACGACACCCTTCTATTTTGTTTTCGGGGAATGCGGAATTAAATTAAAG,108
G-box,X98521,TAACACGTAG,ACGCGTAGAAACGAAAGGAAGCCTGACAAAATAAATAAAAACAACTTTCTTAACACGTAGGTCAACTCTCAATCCGACTGTACATAACATAACTACATATAAGTATGTTC,110
GARE-motif,X98521,TCTGTTG,ACACCCTTCTATTTTGTTTTCGGGGAATGCGGAATTAAATTAAAGTTGGTTCTGTTGGTGAACTGGAGTTATTCATTGGGAAGGAAACAAAAATCTCGAAAAAGAGC,107
HSE,X98521,ATTCCTTTCTGAAACGTTC,AATTATTTTTAATGTTTAATATTTTTTTAAAAAATTTCCTATAAAACGAGATTCCTTTCTGAAACGTTCAAACTAAAGAAAATTCGCTTAAAAACTTTAGAAACTCTTTCGTTACATGT,119
HSE,X98521,TAAAAACTTTAGAAACTCT,CTATAAAACGAGATTCCTTTCTGAAACGTTCAAACTAAAGAAAATTCGCTTAAAAACTTTAGAAACTCTTTCGTTACATGTCTTCTTTTTAGTGGTCTTCGCTTCTTAATTAGCATATA,119
TATA-box,X70333,TATAAAT,GCGTGCATGCATTATTACACGTGATCGCCATGCAAATCTCCCTTATCGCCTATAAATTAACTCATCCGCTTCACTCTTTACTCAAACCAAAACTCATCAATACAAAC,107
TATA-box,Y13535,ATATAA,TTCTTAACACGTAGGTCAACTCTCAATCCGACTGGACATAACATAACTACATATAAGTATGTTCAAACCTGGAAGACCAAGAAAATTAAAAAAGCATAGAAAGGAA,106
TCA-element,X98521,TCAGAAGAGG,TCACTCCCATACATACAAACCGGTTGACTGACTATTGGCTGGAAAAAAAATCAGAAGAGGAAGTAAAGTTTAACTAAAACTACTTGCAGATAAAAACAGAGGAGTATAAC,110
TGA-1,X98521,AACGAC,GGAACAAACTGGAGGCTGGTTGGAGAGAAGAATAGTTAAGGTAAACGTGGAACGACACCCTTCTATTTTGTTTTCGGGGAATGCGGAATTAAATTAAAGTTGGTTC,106
WUN-motif,X98521,AAATTTCCT,GGGACTTTTTTAAAGATTCAATTATTTTTAATGTTTAATATTTTTTTAAAAAATTTCCTATAAAACGAGATTCCTTTCTGAAACGTTCAAACTAAAGAAAATTCGCTTA,109
G-box,Y13108,CACGTG,CACCTAAGAGCTTCTCTCTCACAGCGCACACACATATGCATGCAATATTACACGTGATGCATGCAAATCTCCATTCTTCACCTATAAATTAGAGCCTCGGCTTCAC,106
G-box,AJ005588,CACGTG,AGTCAACAAGATCACCTAAAACAAAACGCAACAAGTATATCCTAATATCCCACGTGTTATGTCGTAAAATGCATACAAGTTATGCCTCTGACACGGAACAGATATT,106
G-box,AJ002974,CACGTG,ACTGTATCGTCGTCATCGCTTCTTTCGTGCTGTCATGAGAGGAATGCGTCCACGTGCGAACGTCTACAGAGTGACCAGCCCAACACGTGCTTCATTCAGACCTTGC,106
JERE,Y10182,CTCTTAGACCGCCTTCTTTGAAAG,GCATAAGTATATTGGATAAGCCTATAAATATTACTCCACGTGGTACATCACTCTTAGACCGCCTTCTTTGAAAGTGATTTCCCTTGGACCTTGTTTGGTGAGTTTGTGGGCTTATTATATTCCT,124
MSA-like,D86388,TCCAACGGT,CAATTGCCAATTCGGCAGTCACATTTACAACCGTCCGATCAGACTTTTAATCCAACGGTTCAGACTTGAACAAGAATAAGACCGTTGGGGGACAGAAGCGCCTCTTCTT,109
MSA-like,D86388,TCAAACGGT,AATTTCTCAAAGTTAATAAGTTGCTCCCCAAAAAAAAGGTTAATAACACTTCAAACGGTAACTTTTGAACAGTTGCAACGGCTAAATAGAGGCAAAAGAAAGCGCAATT,109
CAAT-box,X75806,AGCTCAATTTCA,TTATCACTCATATAGCCTCCAAAAATATCTCTTCATTTAATGTGCTTGACAGCTCAATTTCACGAACTTATCACACAGGAACCCCCTATAAATTCATCACTAATAATTCTCT,112
G-box,D16255,CACGTG,AACAGGCTGATGTGCCAACCGGACAGATGGCTATTTGAAAGGGGGTTGGTCACGTGCTGCTTCTAGCTACCATACTTATTTATTTATCGCTTATAAATACATTTCC,106
TATA-box,D16255,TATAAATA,GGGGTTGGTCACGTGCTGCTTCTAGCTACCATACTTATTTATTTATCGCTTATAAATACATTTCCGTAACTTACAAACATTTAACACAACCAAGCTTTCTAGTTTCTA,108
Chs-CMA2a,D16255,TTACTTAA,CAAAATTTGGTAATATAGGTTAGTTTCGAGAGTTAAGCCATTGTTGTTACTTACTTAAATTGCAACTCAAAAAAATATACGTGAAGGAGAAAAAGACAAAATTACATC,108
Chs-CMA2c,D16255,ATATACGTGAAGG,TTCGAGAGTTAAGCCATTGTTGTTACTTACTTAAATTGCAACTCAAAAAAATATACGTGAAGGAGAAAAAGACAAAATTACATCAATAGACAAATCAAGAAAACGTGTAATGT,113
I-box,X79095,CCATATCCAAT,GTATAATAAATTAATATGTCGTTTTGCATTTGTAGTGTGATATGGTACACCCATATCCAATCCTGAACGCTTGGAGACGCTTTTGTGAGCTTTGTCTATGGCTAAAAACCT,111
I-box,X54091,AAGATAAGGCT,GGATGAAATGAGATAAGATCACTGTGCTTCTTCCACGTGGCAGGTTGCCAAAGATAAGGCTTTACCATTCAAGAAAAGTTTCCACCCTCTTTGTGGTCATAATGGTTGTAA,111
AT-rich sequence,U22971,ATAGAAATCAA,TTTAGTATTTTTACCAAGAATACACAAATAAATAGAATCTAATTCTTTTAATAGAAATCAATTATCCGATGCACACAATTGCTGCGATTAATTTCTCGAGTAGAATTTGAT,111
AuxRE,X60033,TGTCTCAATAAG,CTCGTGTCTCCTCAATAAGCTACACAATTTGAAACATACACGCAATCCTTTGTCTCAATAAGTTCCACTCAGGTACTGTTTTCTCCCGCAACCATGACGTAATTCTGTAAAT,112
G-box,M16889,TCCACGTGTCACT,ATCACACATTTTACGTTCTTCCAAGGAAGAGATAAGATAATGAAGCCTCCTCCACGTGTCACTTCCACATGGTACCTAACGATAAGGCTACCATTNAAAATTTTCCTCACTCG,113
TATA-box,X16184,TATATA,AGCATGCATAGCATCTACGTACCTTAGCCTACCTACCAATATCAACTATCTATATATATCCACCTTTCCAAATCACTTTCCAACATCCACCCCCATCATCATATCA,106
TATA-box,X16186,TATATA,TCTATTTATTTGAGAATCATTTTAACGTGTTTTTAATCAAATTTGTAAGGTATATATATAATCATTATAATGGGATAGTCAACAGTCAACATAGTCATGCAGTGTA,106
TGA-box,X60033,TGACGTAA,ATCCTTTGTCTCAATAAGTTCCACTCAGGTACTGTTTTCTCCCGCAACCATGACGTAATTCTGTAAATCACATGTTTCATGCTCCCAATTATTTTCCGCTTCTATAAA,108
ABRE,AJ224116,CACGTG,CTATTGCAGACTATCTGAGATAGCTACAACCTAACGACTTAAGGTGAGGACACGTGTATCTCCAAAACCCACTTCGTCACCCTTACCACCACGTCATCATACCACG,106
G-box,AJ224116,CACGTG,CTATTGCAGACTATCTGAGATAGCTACAACCTAACGACTTAAGGTGAGGACACGTGTATCTCCAAAACCCACTTCGTCACCCTTACCACCACGTCATCATACCACG,106
G-box,Y00431,TGACACGTGGCTCT,TCTACCTCTCCTTTAGAAGATGAGATAAGATATTTTGAGCAATGTGCATTTGACACGTGGCTCTCCATTTCTGGTGGCTATATGATAAGGTCTTCAAATTGCAATTATATTATG,114
HSE,U46545,CTCTGGAACCTTTCAGAAATATC,TGGCATAACACGTATATCAAAAGCCCACCTCACTATGCCTCTTTTCAAACCTCTGGAACCTTTCAGAAATATCCATATCCATTTCTTCAAGCTTCAAGACAATCCTAGAAATTACTCACTCTC,123
HSE,Z95153,GATAAGTACAGAATATTTCAGAA,AGTTCCACATAATAATCCGTAGAAAAAAAAGCTTATTCTCTATCTGTCCAGATAAGTACAGAATATTTCAGAACACTACTACGTTGGCAATATCCAACAGAAGCCACCTCAACACTTCCCTCC,123
I-box,Y00431,ATGATAAGGTC,ATTTTGAGCAATGTGCATTTGACACGTGGCTCTCCATTTCTGGTGGCTATATGATAAGGTCTTCAAATTGCAATTATATTATGTGGACACTATGCATGAAATTCCAAGAGC,111
RY-element,AJ224116,CATGCATG,CAAAACCCACTTCGTCACCCTTACCACCACGTCATCATACCACGTGCCAACATGCATGCTAGTATCTTCTCTACTATACACATACTTATGTACTATATATATTCACCA,108
TATA-box,AJ224116,TATACA,CACCACGTCATCATACCACGTGCCAACATGCATGCTAGTATCTTCTCTACTATACACATACTTATGTACTATATATATTCACCAAAATTACATGCATGTTAGCACC,106
TATA-box,Z95153,TATAAA,TGGCATTAGTGCTCGCCCCCGCCGCAACGCGGGGTGTTTAATAATAGTTATATAAAAAATAAAACATTTATAAACGATATATACTAAGAGTTCCACATAATAATCC,106
ABRE,L19119,CGCACGTGTC,TGACGGGAGCCACGCCGGCCCGCGTAGGCACGAGCCCCTCCCCGCACCCTCGCACGTGTCGGCGTGCCGCCACGCGGAGCACTACTGCCTAGCAGCCAGGACAGCAAGTC,110
ABRE,X78205,CGTACGTGCA,CCTAGCTAGTTTAACCAGCCAGAGAGCCGCATCCAACTTGTGCTCGCCGGCGTACGTGCACACGCGCCACCCCTTTACACTTGTTTATTATTGCAGCTTCTTCGCCCCTT,110
ABRE,X78205,GCAACGTGTC,GCGGCAACGCGTGTCCTCCCTACGTGGCGGCCATGTACGAGCACCGCCGCGCAACGTGTCCCGGCGACTCTCCCGTCCGTCCCGCCTATAAAGGCCACCCGCGCCAATCT,110
Box I,X58339,GTCAATGGACCTAACCC,CGCTCGCGCCCCCATCTCCCCACCCCGCAGTCGTGGCCATCCATCCTCCCGTCAATGGACCTAACCCGCTCCTCCCAACGGCCAGCTTTCGCTTCCTTACCCACCTTTCCCGCCTAT,117
C-box,X78205,ACGAGCACCGCC,GGTACGGCGGGGGAGCGGCAACGCGTGTCCTCCCTACGTGGCGGCCATGTACGAGCACCGCCGCGCAACGTGTCCCGGCGACTCTCCCGTCCGTCCCGCCTATAAAGGCCAC,112
CCAAT-box,X58339,CAACGG,CGCAGTCGTGGCCATCCATCCTCCCGTCAATGGACCTAACCCGCTCCTCCCAACGGCCAGCTTTCGCTTCCTTACCCACCTTTCCCGCCTATATATCCCGTCCTCA,106
CGTCA-motif,U83904,CGTCA,TGGAAGGAACACCTCCGCAATCTTTTGTCTGTCCCATGTGGCTGAAGTGGCGTCAATGAAATCAGATGCTCTGAATGGTGGGTTTTGCACTCTACTTCCGCATGG,105
G-box,U83904,CACGTG,GGCCTTGAAGAACAGAAGGTTGTCATCTGCGAATAACAAGTGGTTAACTGCACGTGCCGAGGCAGCTACGCGTAAACCACTGAGATTGGATGACTCATTTTGGGAT,106
GTGGC-motif,M55449,CAGCGTGTGGC,ACCGTCGACGCCGTTGTGTAGAGACGATGGAGCCAATCCTCAGCGTGTGGCTCCTGGGAGATGCCCAACCCTATCCACACAATTAACATCTCATCATCCAC,101
LTR,U63993,CCGAAA,TTCGCTGGAGACACACCTCCACACGTGCATCAACTATGCTAGCCGCATCGCCGAAACGGAGGCTAGACATAGAGACCTTTATTCTATCTTCAGTAAGCCGTTGTCG,106
Prolamin-box,M36941,TGTAGTGTAAAGTAAAA,TAGAGCATCACAAACTAAATTCCAAAAAGAGGCAAGACCTAGATTATGTGTGTAGTGTAAAGTAAAAAAAATGACTCATCATTCATTATGGATCATGACTTACAACCAGATGATATT,117
Prolamin-box,X87232,TGACATGTAAAGTGAAT,CTATACAAGGTTCCAAAATCATGCAAAAGTGATGCTAGGTTGATAATGTGTGACATGTAAAGTGAATAAGGTGAGTCATGCATACCAAACCTCGGGATTTCTATACTTTGTGTATGA,117
TATA-box,U83904,TATAAA,CGATCCATCTCTCCAAAGCCGAGCGCCACACCACCGGACCCGGACCGGCCTATAAATTGCCCGGACCGAGCTGCAAGCAGCTCCTCACACACACTCACGCAACACA,106
TGACG-motif,U83904,TGACG,GAGCTCTGACGTCTTCAGTGGGAAGTGAGACCTTTGACAGCCGCCACAAGAACATGCGTAT,61
Chs-CMA2b,X58339,GAACCTACACAC,TAGAATTAAAGATTAGGTGAGTTGTACATACAATGGGCTGAGCAATTCCGGAACCTACACACACGAGCACGTGCAACTAGGAAGGCCCAAGGCAAGCAACCCCAACTAACTC,112
Chs-unit 1,X58339,AGTCGTGGCCATCCATCCTCCCGTCAATGGACCTAACCCGC,GGTAATGGTAAGGTAGACGTGTCGCTCGCGCCCCCATCTCCCCACCCCGCAGTCGTGGCCATCCATCCTCCCGTCAATGGACCTAACCCGCTCCTCCCAACGGCCAGCTTTCGCTTCCTTACCCACCTTTCCCGCCTATAT,141
Chs-unit 1 m1,X58339,ACCTAACCCGC,CCCCCATCTCCCCACCCCGCAGTCGTGGCCATCCATCCTCCCGTCAATGGACCTAACCCGCTCCTCCCAACGGCCAGCTTTCGCTTCCTTACCCACCTTTCCCGCCTATAT,111
5UTR Py-rich stretch,U68072,TTTCTCTCCTCTTTTTCCTC,CTTCTTTTAACAATTATACTTGTCAATCATCAATCCCACAAACAACACTTTTTCTCTCCTCTTTTTCCTCACCGGCGGCAGACTTACCGGTGAAAAAATGGACGTTCGCCGGAGATCTGA,120
CAAT-box,L41253,ATTGG,TTTGTTAGGACTTGCCCTTTAGCAAACACTTTGATATTGATGAGATCAAAATTGGCATACTGATGATATTGATGACAGTGACAATCTTGATACTAATGACGATAT,105
E4-ERE,S44898,CACAAGTTTGTTTTTGTTTTTACTACCAACAA,ATTTTTTTAAAAAGAAAAACCTGTAAGAAATTTAGGCAAACAAAACCTAACACAAGTTTGTTTTTGTTTTTACTACCAACAAGAAATTCAAATGGCAAATGTATAACGCATCTTAGCTAATTATATGACCAG,132
F-box,S44160,CTATTCTCATT,ATTAACCAACCATTTTCACTCATCCTTACCCCTTTTAGGATGAGATAAGACTATTCTCATTCTGACACGTGGCACCCTTTCTTGTGACTTAATTAATATATCAATTATTAT,111
G-box,X05984,TGACACGTGGCA,TTTCACTCATTCCTTACCCCTTTTAGGATGAGATAAGACTATTCTCATTCTGACACGTGGCACCCTTTCTTGTGGCTTAATTAATATATCTAATTATTATTATAGCTCACCC,112
HMG-TATA-region,U68071,CTATAAATACATTTC,TGTCCCCAAATTGTAGCGCGCCAACCGCTTTTCACTCTATAAATACATTTCTTCTACTTTCGCTTCTCCACACAAACCATCACTGCTTAATACACATTTGA,101
HMG-TATA-region,U68073,CTATAAATGCATTTC,TAAAAGTCAAGAACTCCAGCCGATGTTTTTTTGGGCTATAAATGCATTTCCGATACAACAGCTTCAACACTCACAATACTTCCTCACATTTCTCCATTTC,100
HSE,L41253,CTAGAAACTTCTCGAG,AAAAAAATTATCACCAAAACTCACCGTTTTAGTATCCAATCCACACTTACCTAGAAACTTCTCGAGACTCATTTCAACTATTTATACTCTTTCTCATTTTTTCCATTTTCATTCAC,116
I-box,X66069,GGATGAGATAAGATT,TCAAAACCAACCTCAATCATACATTCATATCCTCTTCCTACCCCCATCTTGGATGAGATAAGATTAACGAGGTGCTTACACGTGTCACCTCTATTGTGGTGACTTAAAAAAAATT,115
TATA-box,S44898,TATATAAAG,ATATGACCAGATTCAGATTAATATACATCTTCACCCATGCAATCCATTTCTATATAAAGAAACATACACGAACTTGATATTATTAGAGATTGAGCAATGGAGGGTAACA,109
Y-box,S45166,TGTGGAGGAGCA,TTCGAGAGAAGGCCTGTCGATAAGGATGTAATCCATGGGGCGACGCAGTGTGTGGAGGAGCAGGCTCAGTCTCCTTCTCGTGAGGGATCGAACGATGGCAGCCGTAGAATGC,112
RbcS-CMA7c,S45166,ACGCAGTGTGTGGAGGAGCA,TTCCGTTTTTCGAGAGAAGGCCTGTCGATAAGGATGTAATCCATGGGGCGACGCAGTGTGTGGAGGAGCAGGCTCAGTCTCCTTCTCGTGAGGGATCGAACGATGGCAGCCGTAGAATGC,120
I-box,X16039,GTATAAGGCC,CAAATATATCGTTAATTACGACTAACAAAATGAAAGTACAAGACCTTCTCGTATAAGGCCACCATTGGTAGACACGTAGTATGCTAAATATGCACCACACACACTATCAG,110
CAAT-box,AB112028,CAAT,TGGCTTCAGATTCAGCCACTTCTCTGTTCTTGACACTATTCCTTATTACACAATGTTTATCAGTCCTTACTGCTGCTCAAGATTTCGACTTTTTCTACTTTGTT,104
ERE,AB112028,ATTTTAAA,ATTTATATTTGGGTTCAAGCTTTAGGTATTTAGCGTTAAAATATTGTCTTTTTAAAATTATGTGATAAGAATCTAATATTTATTAAAATTTTTAGTAACTTTATGCTA,108
ERE,AB112028,ATTTTAAA,ATTTATATTTGGGTTCAAGCTTTAGGTATTTAGCGTTAAAATATTGTCTTTTTAAAATTATGTGATAAGAATCTAATATTTATTAAAATTTTTAGTAACTTTATGCTA,108
WUN-motif,AB112028,ACATTACGG,ACAGAAGGGAGCTTTAGCGTAATTGATAAAGTTATTGTTATATGACCGGGACATTACGGGATCGAGCTGGGTAAATAGCCTCTTGCAGAAAYGCAAGGTAAGGCTGCGT,109
G-box,X12512,CAGACGTGGCA,TAACTCTTATGCTAAAGACAAGTGGATATTATATTGCAATAATCCACAATCAGACGTGGCAAATTTGGATTGGCTATAAGAGAGCAAATCTTCATTAGGTAAGTTTTTTAA,111
AuxRR-core,D85911,GGTCCAT,TTCAAGGGTTTAATAAACTTAAAAACAAAATTAACTTTGTAAACACTCCAATGGACCACAGCACCACTCATATATAAAAAAGTCGAAAATAAAGGCATCCAAATTCT,107
CAAT-box,AB109388,CCAAT,CATTAGGATTATTCCACCCAGGTTTACTAGTATTGGTACCATTCTTATTCCCAATGCCAAGAATCTGTTGCCAATCACCTTGAGTCCTTACTCCTTCACCATAAC,105
CCGTCC motif,Y14195,CCGTCC,GATCCGCAACTCGCACTTCTTTCAAATTAATCAAAACAGCTAATTAAACACCGTCCTCATTCAAATCCAACGCCCACGATCACCTCCCTATATTCCACGTCATCGA,106
E2F,AJ276622,AGTGGCGGNNNNNTTTGAA,CATGTAATAATTTGCGTAGAAAGGAAAAGTAAATATTGAAATATCTAAATAGTGGCGGCAAAATTTGAAACTCAAAAATTTGTGGTCCATTAGTCTCTTCAGCCAGTTGGATTATATTC,119
E2Fb,AJ276622,TTTGCCGC,TAATAATTTGCGTAGAAAGGAAAAGTAAATATTGAAATATCTAAATAGTGGCGGCAAAATTTGAAACTCAAAAATTTGTGGTCCATTAGTCTCTTCAGCCAGTTGGAT,108
G-box,L02124,CACGTG,AGATTTAGACATTCCATAATTATTTTCTACCGACAATATAACATAGACAACACGTGGATAATTTTCGTTTTTCTCTTGAAAACACATCTCTTAATCAAAAATTTAC,106
Myb-binding site,Y10862,CAACAG,GATTAATGGAAATGTTGTAGAAAGACCACAACATATGTTGATGAGAGTTTCTGTTGGAATCCACAAGGATGATATCGAATCTGCCATCAAGACTTATCATTTGATG,106
NON,Y14195,CAACGGCCACG,CTCCCTATATTCCACGTCATCGATCCGCGACACTTAAAGTTCCAACAGATCAACGGCCACGATTTACTCCTCCCTCCCGCTCAAAATTCAATCCCCCTCTTATAAATTCTC,111
SARE,X69794,TTCGACCATCTT,TCTCGCATGCCGTATAGTATAGGGGCAGCTTCGACCTCCTTCTCCGAATATTCGACCATCTTTTTCTCGTAAAATCAAACGTCTCCATCACTGTACTAGATTTGAACTTTCT,112
TATA-box,D85911,TCTATAAATAGG,ACCACAGCACCACTCATATATAAAAAAGTCGAAAATAAAGGCATCCAAATTCTATAAATAGGACGTGTGTTACTAGCAATCAGTATTATCAATTCTGAAATTTCTTATTCTT,112
TATA-box,Y14195,TATAAA,CAACGGCCACGATTTACTCCTCCCTCCCGCTCAAAATTCAATCCCCCTCTTATAAATTCTCTCCCTCTACCCCTCCTTTTCCACACTCAAATCTGTAATTCAAAAT,106
TATA-box,Y10862,TATA,CAAATTAACGAGGGAAATTCAATACAAAATTCAAAAGTTGCTTGTTATGCTATATATACACACACACCTCACTGAAATCGAAGCAATCCATTCCATCTGACAAC,104
TC-rich repeats,L02124,ATTCTCTAAC,GTCGTCCACTGCCCAATCTTAGAGCTATTATTAAATGCACAAAATTGAAAATTCTCTAACTAACTTGAAAAGAAAGCTACAAATAATTTTCTTCACTCGTTTTCTTACAA,110
TC-rich repeats,L02124,GTTTTCTTAC,AAATTCTCTAACTAACTTGAAAAGAAAGCTACAAATAATTTTCTTCACTCGTTTTCTTACAATTTAATAGTGACTGGCGGCTAATATTTGGCCTTTGTCTCCCTATTTTC,110
TCA-element,X69794,CCATCTTTTT,CATGCCGTATAGTATAGGGGCAGCTTCGACCTCCTTCTCCGAATATTCGACCATCTTTTTCTCGTAAAATCAAACGTCTCCATCACTGTACTAGATTTGAACTTTCTACA,110
As-1-box,D85911,TGACGAATGCGATGACC,AACACAAGAATATGGGCCCCCTATTGTTTGAAACTCTACTATAGACCACGTGACGAATGCGATGACCTCTAGGTAGGCCATTCAGAAAAATCTCGAAGATTACCGATTTCAAGGGTT,117
A-box,X52240,AATAACAAACTCC,TGAGTGCTCCATCTCTCAAGGCCATTAAATTGCCTATGGGCTCACCGGCCAATAACAAACTCCTACTGACCAGTGTTATCCATCCAATCCAGTGTCCCAAAGCAACATTCAAG,113
AACA-motif,X54314,TAACAAACTCCA,ATGACAAGGCAAAGATACATACATATTAAGAGTATGGACAGACATTTCTTTAACAAACTCCATTTGTATTACTCCAAAAGCACCAGAAGTTTGTCATGGCTGAGTCATGAAA,112
ABRE,U22102,TACGTGTC,GCAGCGAACCAGAGCGCGCCGCGCACGGGCGGAGGCATAGCTTGCGCACGTACGTGTCGCGCTCCGGCGGCCTCGCCACGACGCGTGTCGCGGAGGCGCGCGCGCGCA,108
ABRE,X52422,GCCGCGTGGC,ACAAAGTGTCCAGAAGAACCCAACGGAAACACAGTACGTGGCAGCAGGTTGCCGCGTGGCACCACCGACACGGCGCGCTACGTACACGTCCCTCCTCCGCTTTTATTCCC,110
ABRE,X63126,GACACGTACGT,CGCGTGTCGCGGAGGCGCGCGCGCGCACCGAGCCGTCCGCGTCGCCGCGCGACACGTACGTTGCCGGCGCCCTGATCCCGCCGCGGAGTCGCCGCCTATAAGAAGGACAGC,111
Box II -like sequence,X52153,TCCGTGTACCA,AACAATACAAATGATGTGTCAATTACACATCCATCATTATCCATCCACCTTCCGTGTACCACACCATATATCATGAGTCACTTCATGTCTGGACATTAACAAACTCTATCT,111
CAAT-box,D45890,CCAAT,CGTGCCAGAGCCATATAACTTATTAGTACCATAAAAAAACAAATATAGAACCAATATGACATATTCTAATACTACGAATTTAGACATATGTATGTCTAGATTCAT,105
CARE,AB004819,CAACTCAC,AAACCGATCGATCCGTATTTGAATCTGGCCAGAATCTTCGACGCCATTGGCAACTCACGTAGCCCGCCGCTAACGTAGCAGCCGTCCATCCCAACTCCCTAGCTGAAT,108
CARE,AB004819,CAACTCCC,CGCCATTGGCAACTCACGTAGCCCGCCGCTAACGTAGCAGCCGTCCATCCCAACTCCCTAGCTGAATCTGACACCATCGCACGCATCTTTCTGTTACCCCCATTTAAA,108
Footprint A,X13909,AACCAATCTCATCCATCC,TTTTCGTCAATTAGCAGCACAGCACAGTACTCTCCAATCTGCTAAACCAAAACCAATCTCATCCATCCATACCCTTCTTGACACCAAGTGGCAACTCCTGATTGGACGCGCCTATCCT,118
G-box,M59351,TACGTG,CGCATCCCGTCGCCTTGGAGACCGGGCCCCGACGCGGCCGACGCGGCGCCTACGTGGCCATGCTTTATTGCCTTATCCATATCCACGCCATTTATTGTGGTCGTCT,106
GATT-motif,X13909,CTCCTGATTGGA,AACCAAAACCAATCTCATCCATCCATACCCTTCTTGACACCAAGTGGCAACTCCTGATTGGACGCGCCTATCCTACATGGCACCCCAAGATTCTCTCGATAGGCTACAGGGG,112
GC-motif,X63126,CGCCGCGCA,TGCGTATGCATAGGCACGCGCGCGCACGCGCGATGCAGCGAACCAGAGCGCGCCGCGCACGGGCGGAGGCATAGCTTGCGCACGTACGTGTCGCGCTCCGGCGGCCTCG,109
GC-motif,X63126,CGGCGCCCT,GCGCGCGCGCGCACCGAGCCGTCCGCGTCGCCGCGCGACACGTACGTTGCCGGCGCCCTGATCCCGCCGCGGAGTCGCCGCCTATAAGAAGGACAGCGCGGCCGCGTCG,109
GC-motif,X63126,AGCGCGCCG,TATATGCGTATGCATAGGCACGCGCGCGCACGCGCGATGCAGCGAACCAGAGCGCGCCGCGCACGGGCGGAGGCATAGCTTGCGCACGTACGTGTCGCGCTCCGGCGGC,109
GC-repeat,X63126,GGCCTCGCCACG,CCGCGCACGGGCGGAGGCATAGCTTGCGCACGTACGTGTCGCGCTCCGGCGGCCTCGCCACGACGCGTGTCGCGGAGGCGCGCGCGCGCACCGAGCCGTCCGCGTCGCCGCG,112
GCN4-motif,X52153,TGAGTCA,TACACATCCATCATTATCCATCCACCTTCCGTGTACCACACCATATATCATGAGTCACTTCATGTCTGGACATTAACAAACTCTATCTTAACATTCAAATGCATGAG,107
GCN4-motif,X54314,TGAGTCA,TAACAAACTCCATTTGTATTACTCCAAAAGCACCAGAAGTTTGTCATGGCTGAGTCATGAAATGTATAGTTCAATCTTGCAAAGTTGCCTTTCCTTTTGTACTGTGT,107
GTCA direct repeat,X52153,TAAGTCATAACTGATGA,TAGTCATCTAGGTAAGTATCTTAAGCTAAAGTGTTAGAACTTCCCATACATAAGTCATAACTGATGACAATTGGGTGTAACACATGACAAACCAGAGAGTCAAGCAAGATAAAGCAA,117
P-box,X54314,CCTTTTG,GTCATGGCTGAGTCATGAAATGTATAGTTCAATCTTGCAAAGTTGCCTTTCCTTTTGTACTGTGTTTTAACACTACAAGCCATATATTGTCTGTACGTGCAACAAAC,107
RY-element,X63126,CATGCATG,CATGGGCTTCCCCCCGACCAGGTGGTGCGTGCGAGCCTACCACATGTCCACATGCATGCACGGTGATCGACATCCCGATCGACGTGTCGACAGTGCAGCCACCCCGCC,108
Sp1,X63126,GGGCGG,TAGGCACGCGCGCGCACGCGCGATGCAGCGAACCAGAGCGCGCCGCGCACGGGCGGAGGCATAGCTTGCGCACGTACGTGTCGCGCTCCGGCGGCCTCGCCACGAC,106
TATA-box,A23333,TACAAAA,CGCTTGCACCGTGACTCACCTGCCACATTGCCCCCGCCGTCGCCGGCGCCTACAAAAGCCACACACGCACGCCGGCCACGATAACCCATCCTAGCATCCCGGTGTCC,107
TATA-box,X54314,TATAAA,CGTGCAACAAACTATATCACCATGTATCCCAAGATGCTTTTTTATTGCTATATAAACTAGCTTGGTCTGTCTTTGAACTCACATCAATTAGCTTAAGTTTCCATAA,106
TATA-box,A23332,TACATAAA,TTCGCGCCGTCGACCGGCTCCCCTCCTCCCCCGCGCGCATCGGATCCCCCTACATAAACCCTCTCGCTCGCCATCGCCATGGCAGCAACTCCCCTCCTCCACTAGACC,108
TATC-box,X54314,TATCCCA,ACACTACAAGCCATATATTGTCTGTACGTGCAACAAACTATATCACCATGTATCCCAAGATGCTTTTTTATTGCTATATAAACTAGCTTGGTCTGTCTTTGAACTCA,107
TGGCA,X13909,GACACCAAGTGGCA,CTCTCCAATCTGCTAAACCAAAACCAATCTCATCCATCCATACCCTTCTTGACACCAAGTGGCAACTCCTGATTGGACGCGCCTATCCTACATGGCACCCCAAGATTCTCTCGA,114
Plant AP-2-like,X63126,CGACCAGG,GGAAACATCTGGTCGCCGGTCCACGATCGGTCTACGCATGGGCTTCCCCCCGACCAGGTGGTGCGTGCGAGCCTACCACATGTCCACATGCATGCACGGTGATCGACA,108
re2f-1,X54046,GCGGGAAA,CCGTACTCCACCATGGTCCCACATGTCAGCTGAATCTTCCACTGCAAGAAGCGGGAAACATTTCGGGTGGAGGCGGGTTTCCCCCCAATTTCTCCCTCCATTTTTTTT,108
4cl-CMA1b,X05350,ATTCCGATAAACT,CAACCCCACTCATAATTTAATTCCCCATTTTACCCCTAACCAAACCTCATATTCCGATAAACTCCCCCTTTACCAACCCCCATCCCCTTACCAAACCCTCCACATTTATATGT,113
4cl-CMA1c,X05351,CTTTACCAACCCCC,TAATTCCCCATTTTACCCCTAACCAAACCTCATATTCCGATAAACTCCCCCTTTACCAACCCCCATCCCCTTACCAAACCCACCACATTTATATGTTGAATTGTTCATCATCTA,114
4cl-CMA2b,X05350,TCTCACCAACCCCA,GCTTCATCTTAGTCAACTTTTTCCCTTCATCACCTAACACACAATATTTTTCTCACCAACCCCACTCATAATTTAATTCCCCATTTTACCCCTAACCAAACCTCATATTCCGAT,114
A-box,X05350,CCGTCC,ATGTCAGATTTTCAAAATAAATAAAATCCGAAATGAATTTAAAGAAAATGCCGTCCTATATATTTGTGAGTTGGTAAATCTCGCCATCACATGCTGCTTCATCTTA,106
A-box,X15473,CCGTCC,GAGTAAAAAACTCCTGTTCAAACCCTTGTCCACCTCAACGCAGATCTCCACCGTCCATTAAAACAAAAACAAGTAAATCCAACGGTTGAGATTAATCTCCAACAAA,106
A-box,L37355,CCGTCC,GGATCCCGGGAATTCTCGATCTCCACCGTCCATTAAAACAAAAACAAGTAAATCCAACGGTTGAGATTAATCTCCAACAAA,81
ACE,U46217,CTAACGTATT,CTCGAGGAAGATGCTCCATGATTTTAGGAAGATGATGGATGATTTTACTAACGTATTTGTTGCAAATATCTATTGAAGACTCCTTCTAGGATTACACTTTAGAAGGC,107
ACE,U46217,GCGACGTACC,ACTCCGCTCAATTTTCCGTCGAAAAACCACAATCACATATCTTGATTCCGGCGACGTACCTCAAATTTTGTTGTTACCAAATTTTTTCGTCAACAGATAACCTCTAAAAA,110
ACE,U46217,GACACGTATG,GCTACAATAGGAACCCTATTGTGCACGACGCGTAGACCGACTCATCTCTCGACACGTATGCATCTCTTTACTTATAATTCGGACAGCGCGAATCCCTATGCGCCAGCTCA,110
Box 4,X15473,ATTAAT,CAGATCTCCACCGTCCATTAAAACAAAAACAAGTAAATCCAACGGTTGAGATTAATCTCCAACAAACCCCTTCTATTGGCCGTCCGTCACTCAACCCACCCCCAAC,106
Box-W2,U48862,TTCAGCCATCAAAGTTGACC,ACCTCATCCGAAAAAGGCCGGACAGGTAAGCAAATGAATGATTAAAATTATTCAGCCATCAAAGTTGACCAATAATACCCTTCCCAAATTCTAAAGAAATTCTGTTCAAACTTTTTGTCA,120
FP56,X05350,TCCCCATTTTACCCCT,CATCACCTAACACACAATATTTTTCTCACCAACCCCACTCATAATTTAATTCCCCATTTTACCCCTAACCAAACCTCATATTCCGATAAACTCCCCCTTTACCAACCCCCATCCCC,116
L-box,L37356,ATCCCACCTAC,ACTCAACCCACCACCCTATTGAAAAAATAAATAAAAAAATAATCATCATAATCCCACCTACCCAAAACTCTATACATGTTTTCATACACTAGTACTATCTACCCCCTCTCT,111
P-box,L37356,TTCCAACAAACCCC,AACCCTTGATTAACACCCTTAAACAGGTAAGATCAACAGTTGCGATCAACTTCCAACAAACCCCTCCTTATGGCCGTCCCTCACTCAACCCACCACCCTATTGAAAAAATAAAT,114
P-box,X15473,CAACAAACCCCTT,ACCGTCCATTAAAACAAAAACAAGTAAATCCAACGGTTGAGATTAATCTCCAACAAACCCCTTCTATTGGCCGTCCGTCACTCAACCCACCCCCAACCTATTTTCAAAGAAAT,113
TATA-box,L37357,TATAAA,GCACACTCCTTCTCAAGTCCTCGTAGTCTTACCAACTAGCAACTCCACTATATAAACCAAGCGCATTCCCTATCATTAATCAGGAAATTGGTTAGTATTCTTCGAT,106
TATA-box,U48862,TATAAAT,GTTTAACAGCAGTAGTTGTTCATTACAATCAAATTTGTTCTACACTTTATTATAAATCCATCTCTTTTGATCTCTAAGTACACAAACCTGTATATTAATTATAACTA,107
TATA-box,X15473,TATAAA,CGTAATATTGAAAGGACATCTATAAATATTCCACTCATTCTCACCAACTCAAACAAATTCAGTGCAACGAATATGA,76
TATA-box,L37356,TATAAA,GGCGACTATAGTTTTAGGGTTTTTGGGAGAGAGAGAAACGTATCATACCGTATAAAACAATGACTGCCAAAATTCTAATCATTGTTAAGGCTCTTTTTGGGATTGC,106
CAAT-box,X14597,TGCCAAC,ATGAGAATTTATGAAAGAATACAATAACAGAAAAGATGAAAAATATCGTGTGCCAACTGGGCTTAAAAAAGTTGCTCAAACACGTGAACACTAGCTACCAGTTATGA,107
MBSI,X14597,TTTTTACGGTTA,GGAGAAAAAGATTGACCAAAAGTATAACGTAAAGAAATGGACCAAAAGCATAACCGTAAAAAGATTGACCAAAACGTTTGACTTTGTGAAGTAGGTAGCGCAAGAAATCTCC,112
3-AF3 binding site,M21356,CACTATCTAAC,CAAAATTTCAAATCTTGTGTGGTTAATATGGCTGCAAACTTTATCATTTTCACTATCTAACAAGATTGGTACTAGGCAGTAGCTAAGTACCACAATATTAAGACCATAATA,111
ACA-motif,X52148,AATTACAGCCATT,GTGAGATATCATGATGATTGAAGTTACTAGAAACACAAAAGCAAAGCATGAATTACAGCCATTCATGAATGATATTGCTATCCAAATCTAATCCTTACTTGTTTGGGCTCATG,113
AT-rich sequence,D10661,TAAAATACT,TCTTCAAAGACCAATTCAAATTAAAACGGTCACATATATAATATTGTCAATAAAATACTATCCATTCGTTAATAGTAAAATACTTAAAGCAGGTGTTGTAAGTCGTGCT,109
ATC-motif,X52148,TGCTATCCA,ACTAGAAACACAAAAGCAAAGCATGAATTACAGCCATTCATGAATGATATTGCTATCCAAATCTAATCCTTACTTGTTTGGGCTCATGAGTCACAACCACACATCCACG,109
ATCT-motif,X52148,AATCTAATCC,ACAAAAGCAAAGCATGAATTACAGCCATTCATGAATGATATTGCTATCCAAATCTAATCCTTACTTGTTTGGGCTCATGAGTCACAACCACACATCCACGTTGCCACATC,110
Box II,M21356,TGTGTGGTTAATATG,CTGTCCTATTGGTGGCTTATGATAAGGCTAGCACACAAAATTTCAAATCTTGTGTGGTTAATATGGCTGCAAACTTTATCATTTTCACTATCTAACAAGATTGGTACTAGGCAGT,115
Box III,M21356,ATCATTTTCACT,CTAGCACACAAAATTTCAAATCTTGTGTGGTTAATATGGCTGCAAACTTTATCATTTTCACTATCTAACAAGATTGGTACTAGGCAGTAGCTAAGTACCACAATATTAAGAC,112
CAAT-box,D10661,CAAAT,GATTTTGGTGTGTCTCTATGTTGATGACATATTGCTAACAGGGAGTTGTTCAAATGAGATAGCTAAGTTCAAAAAGATGTTGGTGAATGAGTTTGAGATGATTGA,105
G-box,AF060237,CACGTG,AAGTTGAATATATAATTAGTATGATGTTTTATTGAAAGGTTTTAGTAAACCACGTGATGTTCAGCTACCTTCTAATATCCTTACTATAAAACCATCTCACCCTCAC,106
G-box,D88260,CACGTG,TACGTACCCACTTCATTCGCATGATGTTTTATTGAAAGGTTTTAGTAAAACACGTGATGTTCAGCTACCTTCCAATATCCTTACTATAAAACCATCTCACCCTCAC,106
G-box,D88262,CACGTT,AAGTTGAATATATAATTAGTATGATGTTTTATTGAAAGGTTTTAGTAAACCACGTTATGTTCAGCTACCTTCCAATATTCTTCCTATAAAACCATCTCACCCTCAC,106
LAMP element,S66544,CTTTATCA,AATCACATATTCTTCCACACATCTTAGCCACACAAAAACCCAATCCACATCTTTATCATCCATTCTATAAAATCACCTTCTGTGTGTCTCTCTTTCGATTCCCTTCAA,108
Pc-CMA2a,S66544,CAGCCAATCACAG,TATTATTTACTAAAAAAAATCTAAGCCACGTCGGAGGATAACATCCAACCCAGCCAATCACAGCAATGTTCATCAGATAACCCACTTTAAGCCCACGCACTCTGTGGCACATC,113
Pc-CMA2c,S66544,GCCCACGCA,ACATCCAACCCAGCCAATCACAGCAATGTTCATCAGATAACCCACTTTAAGCCCACGCACTCTGTGGCACATCTACATTATCTAAATCACATATTCTTCCACACATCTT,109
TATA-box,AF060237,TATAAAA,TTTCCCAAAGTTAAGTGGACAAATAGAACAAAATAGTGGTCAAATTTGGTTATAAAATAATTGTTAAGACAAAGGATTAGACTAAAGAGGGTATTCAAAGTCATTCG,107
TATA-box,D88260,TATAAAA,TTTGCTAAAGTTAAGTGGACAAATAAAACAAAATAGTGGTCAAATTTTGTTATAAAATAATTGTTAAGACAAAGGATTAGACTAAAGAGGGTATTCAAAGTCATTCT,107
TATA-box,D88262,TATAAAA,TTTCCTAAAGTTAAGTGGACAAATAAAACAAAATAGTGGTCAAATTTGGTTATAAAATAATTGTTAAGACAAAGGATTAGACTAAAGAGGGTATTCAAAGTCATGCG,107
TATA-box,X05979,TATATAT,CAAAATTTATATTTACATACGAGAAAATATACCGTTGATTCAAATATTTGTATATATGAAAAAACCATATTTATGTTCAAAATATAACTAAAATATGTTTTTATTTT,107
TCA,AF175275,TCATCTTCAT,ATTAATTTTAAAAACATAATTAATCATTTTAAAATAGAATGTAAAATATTTCATCTTCATTAATCATTATAAAAAGAAAAGAAAAAAGATACATGAATGACAAGCAAGAC,110
Unnamed_1,AB007911,GGATTTTACAGT,GATAAATTTATTACTAAAACTATTTTCTAGTACTTGTTAATCATGTCTGAGGATTTTACAGTAATAAAGAAACGAGGTAGCCCAAACAAAAGTGATAATTGTGGAGGGTGTG,112
WRE3,AF175275,CCACCT,GATACATGAATGACAAGCAAGACACACCAAAACCACAAACTCAACCTAACCCACCTAACCAACCAAAAGCTCTCTATAAAAACCCAACAACCACTACCAACATTTC,106
AC-II,AF041051,TCACCAACCCCC,TTTTCCCTATACTACCCCCCCAACAACTCCATAATACCCAATTTGTCCTTTCACCAACCCCCGTCCTCCGTGCCAGCCAATTCTATATCAGCAGGAATGCTCTGCACTCTGC,112
Box II,X16437,ACACGTTGT,TAAAAGGGAAGCAAGAAGGAGAACCACATAAAAGGGAGCTAACTCCTATAACACGTTGTGCTTCATCTGCCCGTCCATCAAACCTACCACACTCTCTTCTCTTTTTCTC,109
Chs-unit 1 m2,X16437,TCATCTGCCCGTCCATC,AAGAAGGAGAACCACATAAAAGGGAGCTAACTCCTATAACACGTTGTGCTTCATCTGCCCGTCCATCAAACCTACCACACTCTCTTCTCTTTTTCTCCTTTGTCATCTTGTTATATA,117
AAAC-motif,X61362,CAATCAAAACCT,TTGATCCACTCAGAACAAAAAACGAGAGGTCGCATTTCATCCAAAACCACCAATCAAAACCTTCCACCCACTCTCTACTTCTCACACTTCCTATCCTCTCTCTCCACTCTCA,112
ATC-motif,S45033,AGTAATCT,TATTAAGTATTGTAGTGATGAACAAATGACGTTACGCCACGTGGCAGTAGAGTAATCTTGATTCTGTGGCAGTTAGAGATGGAAATGGAAAGGCCAATCTTCAAGACA,108
DREP-module,X76131,ACTTTACCTCCAAAATTCA,ATCAAAATCCAAATTCCAAAGTAAAAAAAAAAGAATTAAAAAAAATTGTCACTTTACCTCCAAAATTCAATGGCCAAAATCTCCCTCCTTATCCATCCTTACAACAAAAACCTCATCCA,119
G-box,U45858,CACGTG,AGGCAGCAAGCAGAGCACCCACCGCCGGAAGCGGCCGTCGGACAGAACGACACGTGGGGCACGGCACAGTCCGGGCCCGCACGTCATCGAAGACACCTGACCTGCC,106
GTGGC-motif,S45033,GATTCTGTGGC,TTGTAGTGATGAACAAATGACGTTACGCCACGTGGCAGTAGAGTAATCTTGATTCTGTGGCAGTTAGAGATGGAAATGGAAAGGCCAATCTTCAAGACACAAATTTTATGG,111
LAMP element,X76131,CCTTATCCA,TAAAAAAAATTGTCACTTTACCTCCAAAATTCAATGGCCAAAATCTCCCTCCTTATCCATCCTTACAACAAAAACCTCATCCACAATTCCAACACCCTCCTCCCCTCAA,109
Pc-CMA2b,X52288,AGATAATACCCTTTA,TCAAAGTTCCACATCATCCGATATAATCCGAGCACAACCAATGAAAAACTAGATAATACCCTTTATTGGCCCACACATCACAAAAATCCTTTAATCCAATGCCACTAAAAATCCC,115
TCCC-motif,X61362,TCTCCCT,AAATTGGCATAAGTGCATAACCACATCTCTAATTTATCCTCCAAAAATCATCTCCCTTTTTATTTTTATTTCCCTCTTCAAATTTTTGATCCACTCAGAACAAAAAA,107
3-AF1 binding site,Z13987,TAAGAGAGGAA,TATTATATTGCAATAATCCACAATCACACGTGGCAACTATGTATTGGCTGTAAGAGAGGAAATCAACATTGAGTTAGATTTTTTTGAACATATTAAGTATCTAAAATGAAC,111
4cl-CMA2b,M62755,TCTCACCAACCACA,TTTTCTTTTAAAATCCCAATTATCTATCATCACCTAACCATAAGAACTACTCTCACCAACCACAAGAGACTCCATTTTTTTTATATCCCCCAAAAAGGAAAAAAAAATTGAAAC,114
AT1-motif,Z13987,AATTATTTTTTATT,ACGGAAGCTAATTAGCTGTTGGGAGCCTTGGACTTGCATTTCTTAATTCCAATTATTTTTTATTAATGTCTTATTTTGTCTCATTGCCAATTTGCCACTCATACAAGTGGTCCT,114
Box II,X04753,TGGTAATAA,TAAGGCAAAGGAAAATAATTTGTAGTAAGAATGCTATATATTGATAATGTTGGTAATAATATTATCTAGAAGCAATCCACAGAAGGGGTGCCACGTGTCAACTTGTAAA,109
CAAT-box,Z35160,CCAAT,CGCGTATCATTGCAGCACTGGGGCCAGATGGTAAGCCCTCCCGTATCGGACCAATTTAATGAATATTTTTTAAGTTATAAAAATATGATTAAGATTTGCGTATGA,105
G-box,X04753,TGCCACGTGTCA,TATTGATAATGTTGGTAATAATATTATCTAGAAGCAATCCACAGAAGGGGTGCCACGTGTCAACTTGTAAATCACAAATTGCAAGTCATCACTAATATTATTATCAAGGGAC,112
GATA-motif,Z13987,AAGGATAAGG,AGAGGTATACAAATTGGAATCCACCAATGAGAAAGCAGATATAGATATTCAAGGATAAGGATATTGGGCCTTTATATACAGTTTGGTGCAAGGCCCATAAAACTCAAGCC,110
GT1-motif,Z13987,GTGTGTGAA,TTGTCTCATTGCCAATTTGCCACTCATACAAGTGGTCCTATTTTAACCAAGTGTGTGAACTATTGCATGGCCATGAATTACTCTTATGTTTTTGGTCAAGTTGATATTA,109
I-box,X04753,TGATAATGT,AAACTAAGATAAGGCAAAGGAAAATAATTTGTAGTAAGAATGCTATATATTGATAATGTTGGTAATAATATTATCTAGAAGCAATCCACAGAAGGGGTGCCACGTGTCA,109
TATA-box,Z13987,TATATA,ACCAATGAGAAAGCAGATATAGATATTCAAGGATAAGGATATTGGGCCTTTATATACAGTTTGGTGCAAGGCCCATAAAACTCAAGCCTCAAATCAACTCTTCTCT,106
Footprint A,X05823,AGTACATCTCATCCATTT,TCTTACAAAAGCTGGTCCAGTCACGAGCCTTAGCCCTAACCATAGCCACAAGTACATCTCATCCATTTAAGGCCTCTGCGTGCACCAATGGCATCCAAGCTGCAGATTTCTTTTCACC,118
G-box,X75089,TCCACATGGCA,CCTCGTCGCCCCGCCCATCCAAGCGAAGATAAGACGCCCACTCCCTTCCCTCCACATGGCACCCGCCCTCCAATCCCTTACTTATTCCCGCCCCCCTCACTCCTCCATCCC,111
I-box,M37328,AGATAAGG,CAGCACACACAATGTATCCGACGGCAATGCTTCTTCCACTGATCCGGAGAAGATAAGGAAACGAGGCAACCAGCGAACGTGAGCCATCCCAACCACATCTGTACCAAA,108
LS5/LS6,X05823,GCACCAATGGCATCCAAGC,AGCCCTAACCATAGCCACAAGTACATCTCATCCATTTAAGGCCTCTGCGTGCACCAATGGCATCCAAGCTGCAGATTTCTTTTCACCACCGTCTCTCTTGTCAGCTGTCACCAAGCACC,119
Prolamin-box,K03076,TGAGCTGTAAAGTGAAT,AGAAAATTACAAACTTAGTTTTAGAAAAATAGGCAATCTAGATTAGTGTTTGAGCTGTAAAGTGAATAAGATGAGTCATGCATGTTATCACACCTTTTTGGTGGTGGAATGATAGTG,117
Prolamin-box,X12929,TGTTTTGCAAAGCTCCA,AGAATTAGGATTGAACCGATTACGTGGCTTTAGCAGACCGTCCAAAAATCTGTTTTGCAAAGCTCCAATTGCTCCTTGCTTATCCAGCTTCTTTTGTGTTGGCAAATTGTTCTTTTC,117
Sbp-CMA1c,S63737,GCTTATCTGGTCCA,AGCGGTCGTCTTCCCGCGCTCTATCTTCTCCGGCGCCACGTTGGCCCCCGGCTTATCTGGTCCAGTCGTGCATCCACCGTGCGTGATCCGTTCCTCCCAAACCCCCCAGCCGCG,114
ABRE2,X60135,CCACGTGG,CTGCAAGTAGGCCACCCTCGCCGACGGGCTGAATCATGTAACCAAGAAGTCCACGTGGAGGTGGAAGAGGGCAATATGGACAGCGAGGAGAGCACGAAACCACCGCCG,108
ACA-motif,X15408,ATCGACAGCCATT,CGGGCGGGCACGGAAAATGGGCCACACGTTGATCGCGCAGGAGGGCGGCCATCGACAGCCATTCGTCGGCCATGCTATCCGAAATCTGATCCCTCCCCGAATCCCGACCTCAC,113
ARE,U45859,AAACCA,GGATGCGCTCCATATAAATTACGCTACTTCGTAGAAATTACTAACGTTTAAAACCAACAAATAACCTTTCATTTTACTGTTAGTGTGACAAATCATTGCTGCTCCA,106
ARE,U45859,AAACCA,GGATGCGCTCCATATAAATTACGCTACTTCGTAGAAATTACTAACGTTTAAAACCAACAAATAACCTTTCATTTTACTGTTAGTGTGACAAATCATTGCTGCTCCA,106
ATC-motif,X15408,TGCTATCCG,CACACGTTGATCGCGCAGGAGGGCGGCCATCGACAGCCATTCGTCGGCCATGCTATCCGAAATCTGATCCCTCCCCGAATCCCGACCTCACGATCTCCGATCGCGGCCA,109
Box I,X60205,GTCCAACTGACCTAACCCGG,GCACGTCCGCCCCGCGCGTCGTCGCCGCCCACGTGGCGGCCCATCCGCCCGTCCAACTGACCTAACCCGGTCGCCAGCCCGCGCGCTTATATAAACGCCCCCACCGGCTTCCGTCCTCTC,120
CAAT-box,U45858,CCAAT,CGCACCTCATTCCAGGAGTTGCATTTCGCTTTCTCCTTTATTTATTTATACCAATAAAAAATAAATCCGCCTTTTCTCCTCCCTATCGTGTGTCTCCTCTCGCCG,105
Footprint A,X63205,ATCCTATCTCATCCATTT,CATTGATTATGCATTTGACAAATAGCAAGAAGCGCGGGGCAACAAAGCCCATCCTATCTCATCCATTTTTTCCCACGATGGCAAGTGGCAGCTCCTGATTAGCTACGCCCATTCCTAT,118
G-box,U14599,CACGAC,CAGAATCAGTTAGCTCGCACCAACCCGCACGAGCACCGACCGGTCAATGACACGACTCGCCAGTCGCCACTACCGGTTCCCGTTTAAATTGCCGGCCGCATCAAGC,106
G-box,U45859,CACGTC,GCATGACGACCGTTGAAACTGGTGCTTTAAGAATAGTATAGAAATATGAACACGTCTTGTACCATTGGCCACATTATAGCAAGAGCTCAACAGAGGGGAAAGAGCC,106
GATT-motif,X63205,CTCCTGATTAGC,ACAAAGCCCATCCTATCTCATCCATTTTTTCCCACGATGGCAAGTGGCAGCTCCTGATTAGCTACGCCCATTCCTATGCTATGTGGCACACCCCAGGATTCTTGTGTGATAG,112
GC-motif,U45858,CCCCCG,ACACCTGACCTGCCCATGCGTCTTCTAGAGAAAGGCGGACGGACAGGTCACCCCCGCACCTCATTCCAGGAGTTGCATTTCGCTTTCTCCTTTATTTATTTATACC,106
I-box,S46964,GGATAAGGTG,CCTGGAGGCAGGAGGCTCGTCGTCCGGAGCCACAGGCGTGGAGACGTCCGGGATAAGGTGAGCAGCCGCTGCGATAGGGGCGCGTGTGAACCCCGTCGCGCCCCACGGAT,110
I-box,U09743,CGATAAGGCG,TATCTACAAGTCCCTGGCACATCACGCATAGTCCAACCATGGCGCGCAGGCGATAAGGCGCGCCACGGGGACGCGACATGTGGTGGCGGACGCGATCAGGATAGGGCCAG,110
LS7,X53398,CAGATTTATTTTTA,GTCGCGCCACGTGTTCCAGCATCCCGGACGCACCAATGGCATCCAAGCATCAGATTTATTTTTATTTTCTGGCAACATTCAAGATAGAACTTGATCGCGGCGGTGTTTCCTCCG,114
O2-site,X54212,GATGATGTGG,GGCTCCCAAACTAGCCCTTAGTGGGAGATGATAATGGATAGTTAGTGGAAGATGATGTGGATGGCTTGCTTTCATTAAATGGTTGAAACTTGAACCCCTCCTGTCCTATA,110
O2-site,X54212,GTTGACGTGA,GCTTTCATTAAATGGTTGAAACTTGAACCCCTCCTGTCCTATAAAAAAAAGTTGACGTGAATAGATTTCATTAAGAGGTTGGATGTTAGTGGGATGACATGACTATTAGT,110
O2-site,X54212,GATGACATGG,GATGATATGGATGAGTTTTTGCTTTCATCGAAAGGTTGGAAGGTTAGTATGATGACATGGCTAATATAGATACATAGATATAGACTACCAACATGGCTGCATGCCCCCAA,110
OCT,M13377,CGCGGATC,ACAGCCTCACGCCAGCCAACTCAGCGATCCGTGCCTTGCACCACGTCAGCGATCCGCGGCATCTACCCAGCTCTCGTTCTCACCCGTCCGTCTCGTGCCCATCGAACG,108
OCT,M13379,CGCGGATC,GATCCTCCCTGATTAAGTCCTAGCCAATAGGAGCCCAGAACCACCCATCACGCGGATCGTCCCTACGCTTCCACCTCATCGGCGCCGTCCATCTCCATCCAACACCTA,108
Prolamin-box,M23537,AGAGGTGTAAATGGTAC,GATGCACGACGAACGAAACTGGTGGTTTAAAGTAGTAGAGGTTTGTCATTAGAGGTGTAAATGGTACATATATTATCCGTTCATATTCGAATTTGATCCGTATAAGAGGGCTAAGAT,117
Prolamin-box,X55722,ACATGTGTAAAGGTGAA,TAAAGACTTTGATAGCAAACTTTACATATTCATATCATGTTAAGGTTGTCACATGTGTAAAGGTGAAGAGATCATGCATGTCATTCCACGTAGATGAAAAAATTCCTATATAAAAAT,117
TATA-box,S46964,TATAAGAA,CAGCCGCTGCGATAGGGGCGCGTGTGAACCCCGTCGCGCCCCACGGATGGTATAAGAATAAAGGCATTCCGCGTGCAGGATTCACCCGTTCGCCTCTCACCTTTTCGC,108
TATA-box,U45859,TATATAT,ATCTTGTGTTGCTTTGTTCTTAATTCATAGTATTTGAGAACAAGTCCCAATATATATGGTGTCTCTTCGCCATCAACACAAGTGATGTGCCATGAACGATTATGACA,107
Chs-unit 1,X60205,CCACGTGGCGGCCCATCCGCCCGTCCAACTGACCTAACCCGG,AGTGGGCGGGTCTCGATCCCCGGCACGTCCGCCCCGCGCGTCGTCGCCGCCCACGTGGCGGCCCATCCGCCCGTCCAACTGACCTAACCCGGTCGCCAGCCCGCGCGCTTATATAAACGCCCCCACCGGCTTCCGTCCTCTC,142
Chs-unit 1 m1,X60205,ACCTAACCCGG,CCCCGCGCGTCGTCGCCGCCCACGTGGCGGCCCATCCGCCCGTCCAACTGACCTAACCCGGTCGCCAGCCCGCGCGCTTATATAAACGCCCCCACCGGCTTCCGTCCTCTC,111
dOCT,M13377,CACGGATC,AGGTCCGTCGGTCCCCTCTCTGTATACAGCCTCACGCCAGCCAACTCAGCGATCCGTGCCTTGCACCACGTCAGCGATCCGCGGCATCTACCCAGCTCTCGTTCTCAC,108
dOCT,M13379,CTCGGATC,CGGTTTTCAAAAGAAGTCGGAAACCATCTGCACCCACCGACTAGTAGGCCCTCGGATCCTCCCTGATTAAGTCCTAGCCAATAGGAGCCCAGAACCACCCATCACGCG,108
Endosperm-box,X54212,TTGGATGTTAGTGGGATGACATG,CCCTCCTGTCCTATAAAAAAAAGTTGACGTGAATAGATTTCATTAAGAGGTTGGATGTTAGTGGGATGACATGACTATTAGTAGGACGAGATGATGTGGAAAGTTAGTGGGAGATGATATGGA,123
RbcS-CMA7c,U09743,ACGCGACATGTGGTGGCGGA,ATCACGCATAGTCCAACCATGGCGCGCAGGCGATAAGGCGCGCCACGGGGACGCGACATGTGGTGGCGGACGCGATCAGGATAGGGCCAGGCTGGCCGGGCGCGGCCACGGGAGAACGGT,120
