ID,Sequence
-10PEHVPSBD,TATTCT
-141NTG13,GCTTTTGATGACTTCAAACAC
-284MOTIFZMSBE1,CGTGCAAGCCCAAAGGCCAATCGGCCCAGA
-300CORE,TGTAAAG
-300ELEMENT,TGHAAARK
-300MOTIFZMZEIN,RTGAGTCAT
-314MOTIFZMSBE1,ACATAAAATAAAAAAAGGCA
14BPATERD1,CACTAAATTGTCAC
20NTNTNOS,TGAGCTAAGCACATACGTCA
23BPUASNSCYCB1,TTTATTTACCAAACGGTAACATC
23BPZM27KDAZEIN,GACGTGTAAAGTAAATTTACAAC
27BPDRCONSENSUSPS25S,TCCGCCWCTTGTATTCGTTGCGTTGMA
2SSEEDPROTBANAPA,CAAACAC
3AF1BOXPSRBCS3,AAATAGATAAATAAAAACATT
5256BOXLELAT5256,TGTGGTTATATA
5659BOXLELAT5659,GAAWTTGTGA
AACACOREOSGLUB1,AACAAAC
AACAOSGLUB1,CAACAAACTATATC
AAGACGTAGATACL12,AAGACGTAG
ABADESI1,RTACGTGGCR
ABADESI2,GGACGCGTGGC
ABAREG2,ATGTACGAAGC
ABASEED1,TGTTACGTGCC
ABFOS,GCATCTTTACTTTAGCATC
ABRE2HVA1,CCTACGTGGCGG
ABRE2HVA22,CGCACGTGTC
ABRE3HVA1,GCAACGTGTC
ABRE3HVA22,GCCACGTACA
ABRE3OSRAB16,GTACGTGGCGC
ABREA2HVA1,CCTACGTGGC
ABREATCONSENSUS,YACGTGGC
ABREATRD22,RYACGTGGYR
ABREAZMRAB28,GCCACGTGGG
ABREBNNAPA,CGCCACGTGTCC
ABREBZMRAB28,TCCACGTCTC
ABRECE1HVA22,TGCCACCGG
ABRECE3HVA1,ACGCGTGTCCTC
ABRECE3ZMRAB28,ACGCGCCTCCTC
ABREDISTBBNNAPA,GCCACTTGTC
ABRELATERD1,ACGTG
ABREMOTIFAOSOSEM,TACGTGTC
ABREMOTIFIIIOSRAB16B,GCCGCGTGGC
ABREMOTIFIOSRAB16B,AGTACGTGGC
ABREOSRAB21,ACGTSSSC
ABRERATCAL,MACGYGB
ABRETAEM,GGACACGTGGC
ABREZMRAB28,CCACGTGG
ACEATCHS,GACACGTAGA
ACGTABOX,TACGTA
ACGTABREMOTIFA2OSEM,ACGTGKC
ACGTABREMOTIFAOSOSEM,TACGTGTC
ACGTATERD1,ACGT
ACGTCBOX,GACGTC
ACGTOSGLUB1,GTACGTG
ACGTROOT1,GCCACGTGGC
ACGTSEED2,ACACACGTCAA
ACGTSEED3,GTACGTGGCG
ACGTTBOX,AACGTT
ACIIIPVPAL2,GTTAGGTTC
ACIIPVPAL2,CCACCAACCCCC
ACIPVPAL2,CCCACCTACC
AGAMOUSATCONSENSUS,TTDCCWWWWWWGGHAA
AGATCONSENSUS,TTWCCWWWWNNGGWW
AGCBOXNPGLB,AGCCGCC
AGL1ATCONSENSUS,NTTDCCWWWWNNGGWAAN
AGL2ATCONSENSUS,NNWNCCAWWWWTRGWWAN
AGL3ATCONSENSUS,TTWCYAWWWWTRGWAA
AGMOTIFNTMYB2,AGATCCAA
AGTACSAO,AAAAAGTAAAAAGTAAAAAAGTAAAAAG
ALF1NTPARC,TTACGCAAGCAATGACA
ALF2NTPARB,TGAGGAGACTTGTGAGGT
AMMORESIIUDCRNIA1,GGWAGGGT
AMMORESIVDCRNIA1,CGAACTT
AMMORESVDCRNIA1,GGCCCCGGG
AMYBOX1,TAACARA
AMYBOX2,TATCCAT
ANAERO1CONSENSUS,AAACAAA
ANAERO2CONSENSUS,AGCAGC
ANAERO3CONSENSUS,TCATCAC
ANAERO4CONSENSUS,GTTTHGCAA
ANAERO5CONSENSUS,TTCCCTGTT
ANAEROBICCISZMGAPC4,CGAAACCAGCAACGGTCCAG
ARE1,RGTGACNNNGC
ARECOREZMGAPC4,AGCAACGGTC
ARELIKEGHPGDFR2,AGTTGAATGGGGGTGCA
ARFAT,TGTCTC
ARR1AT,NGATT
AS1CAMV,CCACTGACGTAAGGGATGACGCACAATCC
AS1LIKECSHPRA,AAATGACGAAAATGC
ASF1ATNOS,TGAGCTAAGCACATACGTCAG
ASF1MOTIFCAMV,TGACG
ASF1NTPARA,TTACGCAAGCAATGACAT
AT1BOX,AATATTTTTATT
ATHB1ATCONSENSUS,CAATWATTG
ATHB2ATCONSENSUS,CAATSATTG
ATHB5ATCORE,CAATNATTG
ATHB6COREAT,CAATTATTA
ATRICHPSPETE,AATATACTAGTATTATTTACTAAAAAAAATC
AUXREPSIAA4,KGTCCCAT
AUXRETGA1GMGH3,TGACGTAA
AUXRETGA2GMGH3,TGACGTGGC
B2GMAUX28,CTTGTCGTCA
BBOXSITE1STPAT,GCTAAACAAT
BIHD1OS,TGTCA
BOX1PSGS2,ATAGAAATCAA
BOX1PVCHS15,TAAAAGTTAAAAAC
BOX2PSGS2,TCTAAGCAAAG
BOX2PVCHS15,CTGTGATTAAATAT
BOX3PVCHS15,TATTGGTTACTAAA
BOXBPSAS1,AAACGACACCGTTT
BOXC'PSAS1,TCCCGGTACACACTTCTT
BOXCPSAS1,CTCCCAC
BOXICHS,GTCCMTCMAACCTAMC
BOXIINTPATPB,ATAGAA
BOXIIPCCHS,ACGTGGC
BOXINTPATPB,AATTCCATAGAATAGATAATA
BOXLCOREDCPAL,ACCWWCC
BP5OSWX,CAACGTG
BS1EGCCR,AGCGGG
C1GMAUX28,TGAAAACAGTGAGTTA
C1MOTIFZMBZ2,TAACTSAGTTA
C2GMAUX28,AATAATAATAATAATAAATA
CAATBOX1,CAAT
CAATBOX2,GGCCAATCT
CACGCAATGMGH3,CACGCAAT
CACGTGMOTIF,CACGTG
CACTFTPPCA1,YACT
CANBNNAPA,CNAACAC
CAREOSREP1,CAACTC
CARG1ATAP3,GTTTACATAAATGGAAAA
CARG2ATAP3,CTTACCTTTCATGGATTA
CARG3ATAP3,CTTTCCATTTTTAGTAAC
CARGATCONSENSUS,CCWWWWWWGG
CARGCW8GAT,CWWWWWWWWG
CARGNCAT,CCWWWWWWWWGG
CATATGGMSAUR,CATATG
CBFHV,RYCGAC
CCA1ATLHCB1,AAMAATCT
CCAATBOX1,CCAAT
CCTCGTGTCTCGMGH3,CCTCGTGTCTC
CDA1ATCAB2,CAAAACGC
CE3OSOSEM,AACGCGTGTC
CELLCYCLESC,CACGAAAA
CEREGLUBOX1PSLEGA,TGTTAAAGT
CEREGLUBOX2PSLEGA,TGAAAACT
CEREGLUBOX3PSLEGA,TGTAAAAGT
CGACGOSAMY3,CGACG
CGCGBOXAT,VCGCGB
CGF1ATCAB2,GATAAAGATTACTTCAGATATAACAAACGTTAC
CGTGTSPHZMC1,CGTGTCGTCCATGCAT
CIACADIANLELHC,CAANNNNATC
CMSRE1IBSPOA,TGGACGG
CONSERVED11NTZMATP1,ACGTATTAAAA
COREOS,AAKAATWYRTAWATAAAAMTTTTATWTA
CPBCSPOR,TATTAG
CPRFPCCHS,CCACGTGGCC
CRTDREHVCBF2,GTCGAC
CTRMCAMV35S,TCTCTCTCT
CURECORECR,GTAC
CYTOSITECSHPRA,AAGATTGATTGAG
D1GMAUX28,ACAGTTACTA
D2GMAUX28,ATTTATATAAAT
D3GMAUX28,TATTTGCTTAA
D4GMAUX28,TAGTGCTGT
DE1PSPRA2,GGATTTTACAGT
DOFCOREZM,AAAG
DPBFCOREDCDC3,ACACNNG
DR5GMGH3,CCTTTTGTCTC
DRE1COREZMRAB17,ACCGAGA
DRE2COREZMRAB17,ACCGAC
DRECRTCOREAT,RCCGAC
DREDR1ATRD29AB,TACCGACAT
E2F1OSPCNA,GCGGGAAA
E2FANTRNR,TTTCCCGC
E2FAT,TYTCCCGCC
E2FBNTRNR,GCGGCAAA
E2FCONSENSUS,WTTSSCSS
EBOXBNNAPA,CANNTG
EECCRCAH1,GANTTNC
EIN3ATERF1,GGATTCAAGGGGCATGTATCTTGAATCC
ELEMENT1GMLBC3,GATATATTAATATTTTATTTTATA
ELEMENT2GMLBC3,CTTAAATTATTTATTT
ELRE1PCPAL1,CTCCAACAAACCCCTTC
ELRE2PCPAL1,ATTCTCACCTACCA
ELRECOREPCRP1,TTGACC
ELRENTCHN50,GGTCANNNAGTC
EMBP1TAEM,CACGTGGC
EMHVCHORD,TGTAAAGT
EREGCC,TAAGAGCCGCC
ERELEE4,AWTTCAAA
ESPASGL01,ACATGTCATCATGT
EVENINGAT,AAAATATCT
GADOWNAT,ACGTGTC
GAGA8HVBKN3,GAGAGAGAGAGAGAGA
GAGAGMGSA1,GAGAGAGAGAGAGAGAGA
GARE1OSREP1,TAACAGA
GARE2,RTAACARANTCYGG
GARE2OSREP1,TAACGTA
GARE4HVEPB1,GTAACAGAATGCTGG
GAREAT,TAACAAR
GAREHVAMY1,GGCCGATAACAAACTCCGGCC
GATABOX,GATA
GBOX10NT,GCCACGTGCC
GBOXLERBCS,MCACGTGGC
GBOXPC,ACCACGTGGC
GBOXRELOSAMY3,CTACGTGGCCA
GBOXSORBCS1,TCCACGTGGT
GCAACREPEATZMZEIN,GCAACGCAAC
GCBP2ZMGAPC4,GTGGGCCCG
GCCCORE,GCCGCC
GCN4OSGLUB1,TGAGTCA
GGTCCCATGMSAUR,GGTCCCAT
GLMHVCHORD,RTGASTCAT
GLUTAACAOS,AACAAACTCTAT
GLUTEBOX1OSGT2,ATATCATGAGTCACTTCA
GLUTEBOX1OSGT3,TATCTAGTGAGTCACTTCA
GLUTEBOX2OSGT2,TCCGTGTACCA
GLUTEBOX2OSGT3,CTTTTGTGTACCTTA
GLUTEBP1OS,AAGCAACACACAAC
GLUTEBP2OS,ATGCTCAATAGATATAAGT
GLUTECOREOS,CTTTCGTGTAC
GMHDLGMVSPB,CATTAATTAG
GRAZMRAB17,CACTGGCCGCCC
GRAZMRAB28,CATGCCGCC
GREGIONNTPRB1B,TGGCGGCTCTTATCTCACGTGATG
GT1CONSENSUS,GRWAAW
GT1CORE,GGTTAA
GT1GMSCAM4,GAAAAA
GT1MOTIFPSRBCS,KWGTGRWAAWRW
GT2OSPHYA,GCGGTAATT
GTGANTG10,GTGA
HBOXCONSENSUSPVCHS,CCTACCNNNNNNNCT
HBOXPVCHS15,CCTACCNNNNNNNCTNNNNA
HDMOTIFPCPR2,CTAATTGTTTA
HDZIP2ATATHB2,TAATMATTA
HDZIPIIIAT,GTAATSATTAC
HEXAMERATH4,CCGTCG
HEXAT,TGACGTGG
HEXMOTIFTAH3H4,ACGTCA
HSE,CTNGAANNTTCNAG
HSELIKENTACIDICPR1,CNNGAANNNTTCNNG
HSELIKENTGLN2,AGGAATTCCT
HSRENTHSR203J,CAAAATTTTGTA
HY5AT,TGACACGTGGCA
IBOX,GATAAG
IBOXCORE,GATAA
IBOXCORENT,GATAAGR
IBOXLSCMCUCUMISIN,AGATATGATAAAA
IDE1HVIDS2,ATCAAGCATGCTTCTTGC
IDE2HVIDS2,TTGAACGGCAAGTTTCACGCTGTCACT
IDRSZMFER1,CACGAGSCCKCCAC
INRNTPSADB,YTCANTYY
INTRONLOWER,TGCAGG
INTRONUPPER,MAGGTAAGT
IRO2OS,CACGTGG
JASE1ATOPR1,CGTCAATGAA
JASE2ATOPR1,CATACGTCGTCAA
JERECRSTR,CTCTTAGACCGCCTTCTTTGAAAG
L1BOXATPDF1,TAAATGYA
L1DCPAL1,ATTCACCTACCC
L4DCPAL1,AATCTCCAACCA
LBOXLERBCS,AAATTAACCAA
LEAFYATAG,CCAATGT
LECPLEACS2,TAAAATAT
LEGUMINBOXLEGA5,TCCATAGCCATGCAWRCTGMAGAATGTC
LREBOX2PSRBCS3,TGTGTGGTTAATATG
LREBOX3PSRBCS3,ACTATTTTCACTATC
LREBOXIIPCCHS1,TCCACGTGGC
LREBOXIPCCHS1,AACCTAACCT
LRENPCABE,ACGTGGCA
LS5ATPR1,TCTACGTCAC
LS7ATPR1,ACGTCATAGA
LTRE1HVBLT49,CCGAAA
LTREATLTI78,ACCGACA
LTRECOREATCOR15,CCGAC
MARABOX1,AATAAAYAAA
MARARS,WTTTATRTTTW
MARCEN3,TGTTTWTGNTTTCCGAAANNNNWWW
MARTBOX,TTWTWTTWTT
MEJARELELOX,GATACANNAATNTGATG
MNF1ZMPPC1,GTGCCCTT
MREATCHS,TCTAACCTACCA
MRNA3ENDTAH3,AATGGAAATG
MRNASTA1CRPSBD,CUCUUTGUTTUU
MRNASTA2CRPSBD,UGAGUUG
MSACRCYM,AGACCGTTG
MYB1AT,WAACCA
MYB1LEPR,GTTAGTT
MYB26PS,GTTAGGTT
MYB2AT,TAACTG
MYB2CONSENSUSAT,YAACKG
MYBATRD22,CTAACCA
MYBCORE,CNGTTR
MYBCOREATCYCB1,AACGG
MYBGAHV,TAACAAA
MYBPLANT,MACCWAMC
MYBPZM,CCWACC
MYBST1,GGATA
MYCATERD1,CATGTG
MYCATRD22,CACATG
MYCCONSENSUSAT,CANNTG
NAPINMOTIFBN,TACACAT
NDEGMSAUR,CCATATGCCATGTCTCTCAATTGGTCCCAT
NODCON1GM,AAAGAT
NODCON2GM,CTCTT
NONAMERATH4,AGATCGACG
NONAMERMOTIFTAH3H4,CATCCAACG
NRRBNEXTA,TAGTGGAT
NTBBF1ARROLB,ACTTTA
O2F1BE2S1,TCCACGTCGA
O2F2BE2S1,GCCACCTCAT
O2F3BE2S1,TCCACGTACT
OBF5ATGST6,ATCTTATGTCATTGATGACGACCTCC
OBP1ATGST6,TACACTTTTGG
OCETYPEIIINTHISTONE,GATCCGCGNNNNNNNNNNNNNNACCAATCS
OCETYPEIINTHISTONE,TCACGCGGATC
OCETYPEINTHISTONE,CCACGTCANCGATCCGCG
OCSELEMENTAT,TGACGYAAGSRMTKACGYMM
OCSENHANMOTIFAT,ACGTAAGCGCTTACGT
OCSGMGH24,CGGTTTACGTAATCTCTTACATCA
OCSGMHSP26A,TGATGTAAGAGATTACGTAA
OCTAMERMOTIFTAH3H4,CGCGGATC
OCTAMOTIF2,CGCGGCAT
OPAQUE2ZM22Z,TCCACGTAGA
OPAQUE2ZMB32,GATGAYRTGG
OSE1ROOTNODULE,AAAGAT
OSE2ROOTNODULE,CTCTT
P1BS,GNATATNC
PALBOXAPC,CCGTCC
PALBOXLPC,YCYYACCWACC
PALBOXPPC,YTYYMMCMAMCMMC
PALINDROMICCBOXGM,TGACGTCA
PASNTPARA,TTACGCAAGCAATGACATCT
PE1ASPHYA3,GAAATAGCAAATGTTAAAAATA
PE2FNTRNR1A,ATTCGCGC
PE3ASPHYA3,CAGCTCCCATGGCTCTCCCATCCGCGCCGGT
PIATGAPB,GTGATCAC
PIIATGAPB,TTGGTTTTGATCAAAACCAA
POLASIG1,AATAAA
POLASIG2,AATTAAA
POLASIG3,AATAAT
POLLEN1LELAT52,AGAAA
POLLEN2LELAT52,TCCACCATA
PR2GCNT,TAARAGCCGCC
PREATPRODH,ACTCAT
PRECONSCRHSP70A,SCGAYNRNNNNNNNNNNNNNNNHD
PREMOTIFNPCABE,ACCGGCCCACTT
PROLAMINBOX,CACATGTGTAAAGGT
PROLAMINBOXOSGLUB1,TGCAAAG
PROXBBNNAPA,CAAACACC
PSREGIONZMZM13,TCGGCCACTATTTCTACGGGCAGCCAGACAAA
PYRIMIDINEBOXHVEPB1,TTTTTTCC
PYRIMIDINEBOXOSRAMY1A,CCTTTT
QARBNEXTA,AACGTGT
QELEMENTZMZM13,AGGTCA
RAV1AAT,CAACA
RAV1BAT,CACCTG
RBCSBOX2PS,GTGTGGTTAATATG
RBCSBOX3PS,ATCATTTTCACT
RBCSCONSENSUS,AATCCAA
RBCSGBOXPS,CACATGGCACT
RBENTGA3,TCCAACTTGGA
RE1ASPHYA3,CATGGGCGCGG
REALPHALGLHCB21,AACCAA
REBETALGLHCB21,CGGATA
REGION1OSOSEM,CGGCGGCCTCGCCACG
RGATAOS,CAGAAGATA
RHERPATEXPA7,KCACGW
RNFG1OS,GATCATCGATC
RNFG2OS,CCAGTGTGCCCCTGG
ROOTMOTIFTAPOX1,ATATT
RSEPVGRP1,CAACTTTCATAT
RSEPVGRP18,CATCCAACTTTCATATCCATGTGCTT
RSRBNEXTA,CAAACTCGTATATCCAT
RYREPEAT4,TCCATGCATGCAC
RYREPEATBNNAPA,CATGCA
RYREPEATGMGY2,CATGCAT
RYREPEATLEGUMINBOX,CATGCAY
RYREPEATVFLEB4,CATGCATG
S1FBOXSORPS1L21,ATGGTA
S1FSORPL21,ATGGTATT
S2FSORPL21,CCATACATT
SARECAMV,CTGACGTAAGGGATGACGCAC
SB1NPABC1,CACTAACACAAAGTAA
SB3NPABC1,TTATGAACAGTAATT
SBOXATRBCS,CACCTCCA
SE1PVGRP18,ATAATGGGCCACACTGTGGGGCAT
SE2PVGRP1,TTNNNGTAGCTAGTGTATTTGTAT
SEBFCONSSTPR10A,YTGTCWC
SEF1MOTIF,ATATTTAWW
SEF3MOTIFGM,AACCCA
SEF4MOTIFGM7S,RTTTTTR
SGBFGMGMAUX28,TCCACGTGTC
SITE1SORPS1,TCATGGTAACAATT
SITE3SORPS1,AGTTAGTTAAAAGA
SITEIIAOSPCNA,TGGGCCCGT
SITEIIATCYTC,TGGGCY
SITEIIBOSPCNA,TGGTCCCAC
SITEIOSPCNA,CCAGGTGG
SORLIP1AT,GCCAC
SORLIP2AT,GGGCC
SORLIP3AT,CTCAAGTGA
SORLIP4AT,GTATGATGG
SORLIP5AT,GAGTGAG
SORLREP2AT,ATAAAACGT
SORLREP3AT,TGTATATAT
SORLREP4AT,CTCCTAATT
SORLREP5AT,TTGCATGACT
SP8BFIBSP8AIB,ACTGTGTA
SP8BFIBSP8BIB,TACTATT
SPHCOREZMC1,TCCATGCAT
SPHZMC1,CGTCCATGCAT
SREATMSD,TTATCC
SRENTTTO1,TGGTAGGTGAGAT
SURE1STPAT21,AATAGAAAA
SURE2STPAT21,AATACTAAT
SUREAHVISO1,AAAACTAAGAAAGACCGATGGAAAA
SURECOREATSULTR11,GAGAC
SV40COREENHAN,GTGGWWHG
T/GBOXATPIN2,AACGTG
TAAAGSTKST1,TAAAG
TACBBFNTEAS4,ACTCTACAGTACTC
TATABOX1,CTATAAATAC
TATABOX2,TATAAAT
TATABOX3,TATTAAT
TATABOX4,TATATAA
TATABOX5,TTATTT
TATABOXOSPAL,TATTTAA
TATAPVTRNALEU,TTTATATA
TATCCACHVAL21,TATCCAC
TATCCAOSAMY,TATCCA
TATCCAYMOTIFOSRAMY3D,TATCCAY
TBOXATGAPB,ACTTTG
TCA1MOTIF,TCATCTTCTT
TDBA12NTCHN50,TGACTTTCTGAC
TE2F2NTPCNA,ATTCCCGC
TEF1BOXATA1,ACAGGGGCATAATGGTAATTTAAA
TEFBOXATEEF1AA1,AGGGGCATAATGGTAA
TELOBOXATEEF1AA1,AAACCCTAA
TGA1ANTPR1A,CGTCATCGAGATGACG
TGACGTVMAMY,TGACGT
TGTCACACMCUCUMISIN,TGTCACA
TL1ATSAR,CTGAAGAAGAA
TOPOISOM,GTNWAYATTNATNNG
TRANSINITDICOTS,AMNAUGGC
TRANSINITMONOCOTS,RMNAUGGC
TRANSTART,TAAACAATGGCT
UP1ATMSD,GGCCCAWWW
UP2ATMSD,AAACCCTA
UPRE1AT,ATTGGTCCACG
UPRE2AT,CCACGTCATC
UPRMOTIFIAT,CCACGTCA
UPRMOTIFIIAT,CCNNNNNNNNNNNNCCACG
VOZATVPP,GCGTNNNNNNNACGC
VSF1PVGRP18,GCTCCGTTG
WARBNEXTA,GTACGTGTTATAAAACGTGT
WBBOXPCWRKY1,TTTGACY
WBOXATNPR1,TTGAC
WBOXGACAD1A,AGTCAAAATTGACC
WBOXHVISO1,TGACT
WBOXNTCHN48,CTGACY
WBOXNTERF3,TGACY
WINPSTPIIIK,AAGCGTAAGT
WRECSAA01,AAWGTATCSA
WRKY71OS,TGAC
WUSATAg,TTAATGG
XYLAT,ACAAAGAA
YREGIONNTPRB1B,TGTGACATTGAAATTCTTTGACTTTA
ZDNAFORMINGATCAB1,ATACGTGT
